Value,Cohort,Universe,HHType,Population,SystemPath,ProjectID,ReportRow,ReportID
9,1,-1,1,45,-1,,1,93
423,1,-1,2,22,-1,,1,93
73,1,-1,1,3,-1,,1,93
423,1,-1,2,0,-1,,1,93
219,1,-1,1,0,-1,,1,93
391,1,-1,1,94,-1,,1,93
335,1,-1,1,1,5,,1,93
1028,1,-1,99,17,-1,,1,93
48,1,-1,0,0,9,,1,93
120,1,-1,1,68,-1,,1,93
17,1,-1,0,82,-1,,1,93
15,1,-1,1,0,3,,1,93
950,1,-1,3,12,-1,,1,93
287,1,-1,1,4,-1,,1,93
347,1,-1,1,74,-1,,1,93
440,1,-1,1,23,-1,,1,93
69,1,-1,1,3,5,,1,93
69,1,-1,0,3,5,,1,93
26,1,-1,0,88,-1,,1,93
28,1,-1,0,90,-1,,1,93
22,1,-1,0,89,-1,,1,93
17,1,-1,1,82,-1,,1,93
931,1,-1,1,47,-1,,1,93
496,1,-1,0,20,-1,,1,93
319,1,-1,0,5,-1,,1,93
42,1,-1,0,16,-1,,1,93
79,1,-1,1,7,-1,,1,93
44,1,-1,99,0,5,,1,93
82,1,-1,1,73,-1,,1,93
32,1,-1,1,0,7,,1,93
478,1,-1,1,77,-1,,1,93
81,1,-1,3,22,-1,,1,93
26,1,-1,1,95,-1,,1,93
36,1,-1,1,87,-1,,1,93
1003,1,-1,1,75,-1,,1,93
654,1,-1,1,6,-1,,1,93
539,1,-1,2,15,-1,,1,93
22,1,-1,1,89,-1,,1,93
96,1,-1,1,76,-1,,1,93
440,1,-1,0,23,-1,,1,93
15,1,-1,0,0,3,,1,93
42,1,-1,1,16,-1,,1,93
516,1,-1,3,0,-1,,1,93
954,1,-1,99,18,-1,,1,93
28,1,-1,0,81,-1,,1,93
76,1,-1,1,19,-1,,1,93
976,1,-1,99,22,-1,,1,93
79,1,-1,0,7,-1,,1,93
85,1,-1,1,4,7,,1,93
240,1,-1,1,96,-1,,1,93
31,1,-1,2,0,5,,1,93
9,1,-1,1,39,-1,,1,93
26,1,-1,1,93,-1,,1,93
950,1,-1,1,4,1,,1,93
13,1,-1,0,86,-1,,1,93
647,1,-1,0,6,-1,,1,93
223,1,-1,0,22,-1,,1,93
950,1,-1,1,69,-1,,1,93
210,1,-1,1,17,-1,,1,93
291,1,-1,1,83,-1,,1,93
498,1,-1,1,51,-1,,1,93
553,1,-1,2,0,1,,1,93
1118,1,-1,1,3,1,,1,93
13,1,-1,1,86,-1,,1,93
498,1,-1,1,46,-1,,1,93
17,1,-1,1,3,12,,1,93
28,1,-1,1,90,-1,,1,93
173,1,-1,0,15,-1,,1,93
931,1,-1,1,1,1,,1,93
537,1,-1,1,80,-1,,1,93
76,1,-1,0,19,-1,,1,93
324,1,-1,1,67,-1,,1,93
26,1,-1,0,93,-1,,1,93
17,1,-1,0,0,12,,1,93
26,1,-1,0,95,-1,,1,93
478,1,-1,1,20,-1,,1,93
966,1,-1,1,0,1,,1,93
9,1,-1,1,52,-1,,1,93
582,1,-1,2,6,-1,,1,93
686,1,-1,99,0,1,,1,93
122,1,-1,1,4,5,,1,93
291,1,-1,0,83,-1,,1,93
25,1,-1,1,3,7,,1,93
15,1,-1,1,3,3,,1,93
553,1,-1,2,12,-1,,1,93
17,1,-1,1,0,12,,1,93
323,1,-1,99,0,-1,,1,93
729,1,-1,1,12,-1,,1,93
688,1,-1,99,5,-1,,1,93
931,1,-1,1,41,-1,,1,93
82,1,-1,1,15,-1,,1,93
15,1,-1,1,4,9,,1,93
261,1,-1,0,0,-1,,1,93
25,1,-1,0,3,7,,1,93
307,1,-1,2,11,-1,,1,93
15,1,-1,1,0,9,,1,93
26,1,-1,1,88,-1,,1,93
81,1,-1,3,20,-1,,1,93
17,1,-1,0,3,12,,1,93
307,1,-1,2,17,-1,,1,93
143,1,-1,1,0,5,,1,93
28,1,-1,1,81,-1,,1,93
700,1,-1,0,12,-1,,1,93
492,1,-1,0,18,-1,,1,93
686,1,-1,99,12,-1,,1,93
400,1,-1,1,18,-1,,1,93
81,1,-1,3,10,-1,,1,93
92,1,-1,1,72,-1,,1,93
32,1,-1,0,0,7,,1,93
81,1,-1,3,5,-1,,1,93
790,1,-1,0,0,1,,1,93
950,1,-1,3,0,1,,1,93
110,1,-1,0,0,5,,1,93
946,1,-1,99,20,-1,,1,93
73,1,-1,0,3,-1,,1,93
233,1,-1,1,79,-1,,1,93
582,1,-1,2,5,-1,,1,93
391,1,-1,0,94,-1,,1,93
238,1,-1,0,17,-1,,1,93
242,1,-1,1,5,-1,,1,93
1118,1,-1,0,3,1,,1,93
36,1,-1,0,87,-1,,1,93
15,1,-1,0,3,3,,1,93
484,1,-1,1,1,-1,,1,93
85,1,-1,1,8,-1,,1,93
164,1,-1,1,22,-1,,1,93
81,1,-1,3,0,9,,1,93
106,1,-1,1,86,-1,,2,93
267,1,-1,1,19,-1,,2,93
52,1,-1,1,6,-1,,2,93
318,1,-1,1,5,-1,,2,93
164,1,-1,1,90,-1,,2,93
926,1,-1,1,3,3,,2,93
318,1,-1,0,5,-1,,2,93
223,1,-1,1,95,-1,,2,93
174,1,-1,0,93,-1,,2,93
248,1,-1,1,8,-1,,2,93
1033,1,-1,1,49,-1,,2,93
186,1,-1,0,18,-1,,2,93
267,1,-1,0,19,-1,,2,93
1032,1,-1,1,69,-1,,2,93
131,1,-1,0,3,6,,2,93
176,1,-1,1,3,-1,,2,93
225,1,-1,1,22,-1,,2,93
937,1,-1,99,12,-1,,2,93
52,1,-1,0,6,-1,,2,93
134,1,-1,0,82,-1,,2,93
209,1,-1,1,15,-1,,2,93
186,1,-1,1,18,-1,,2,93
223,1,-1,0,95,-1,,2,93
212,1,-1,1,88,-1,,2,93
926,1,-1,0,0,3,,2,93
453,1,-1,1,20,-1,,2,93
937,1,-1,99,0,2,,2,93
52,1,-1,1,16,-1,,2,93
512,1,-1,0,0,12,,2,93
721,1,-1,1,72,-1,,2,93
937,1,-1,99,0,-1,,2,93
300,1,-1,0,7,-1,,2,93
106,1,-1,0,86,-1,,2,93
1033,1,-1,1,41,-1,,2,93
992,1,-1,0,0,2,,2,93
503,1,-1,1,67,-1,,2,93
234,1,-1,0,22,-1,,2,93
148,1,-1,1,0,6,,2,93
90,1,-1,0,3,7,,2,93
397,1,-1,1,77,-1,,2,93
131,1,-1,1,3,6,,2,93
134,1,-1,1,82,-1,,2,93
944,1,-1,0,3,2,,2,93
121,1,-1,1,4,7,,2,93
987,1,-1,1,12,-1,,2,93
1092,1,-1,1,76,-1,,2,93
926,1,-1,0,3,3,,2,93
64,1,-1,1,94,-1,,2,93
231,1,-1,0,89,-1,,2,93
512,1,-1,0,3,12,,2,93
1012,1,-1,1,4,2,,2,93
1033,1,-1,1,1,-1,,2,93
215,1,-1,0,17,-1,,2,93
52,1,-1,0,87,-1,,2,93
453,1,-1,0,20,-1,,2,93
931,1,-1,0,83,-1,,2,93
457,1,-1,1,4,-1,,2,93
254,1,-1,0,81,-1,,2,93
531,1,-1,1,96,-1,,2,93
90,1,-1,1,3,7,,2,93
94,1,-1,0,0,7,,2,93
937,1,-1,99,22,-1,,2,93
40,1,-1,1,91,-1,,2,93
176,1,-1,0,3,-1,,2,93
215,1,-1,1,17,-1,,2,93
1033,1,-1,1,1,2,,2,93
512,1,-1,1,3,12,,2,93
231,1,-1,1,89,-1,,2,93
1033,1,-1,1,51,-1,,2,93
64,1,-1,0,23,-1,,2,93
222,1,-1,1,0,-1,,2,93
931,1,-1,1,83,-1,,2,93
254,1,-1,1,81,-1,,2,93
333,1,-1,1,74,-1,,2,93
52,1,-1,0,16,-1,,2,93
64,1,-1,1,23,-1,,2,93
291,1,-1,1,4,6,,2,93
81,1,-1,1,75,-1,,2,93
512,1,-1,1,0,12,,2,93
174,1,-1,1,93,-1,,2,93
300,1,-1,1,7,-1,,2,93
926,1,-1,1,0,3,,2,93
40,1,-1,0,91,-1,,2,93
1033,1,-1,1,40,-1,,2,93
230,1,-1,0,0,-1,,2,93
944,1,-1,1,3,2,,2,93
457,1,-1,1,79,-1,,2,93
209,1,-1,0,15,-1,,2,93
64,1,-1,0,94,-1,,2,93
94,1,-1,1,0,7,,2,93
164,1,-1,0,90,-1,,2,93
212,1,-1,0,88,-1,,2,93
148,1,-1,0,0,6,,2,93
66,1,-1,1,68,-1,,2,93
982,1,-1,0,12,-1,,2,93
52,1,-1,1,87,-1,,2,93
1002,1,-1,1,0,2,,2,93
516,1,-1,3,0,-1,,3,93
849,1,-1,0,12,-1,,3,93
344,1,-1,1,4,-1,,3,93
125,1,-1,0,0,7,,3,93
271,1,-1,1,7,-1,,3,93
278,1,-1,0,17,-1,,3,93
396,1,-1,1,96,-1,,3,93
262,1,-1,1,0,-1,,3,93
223,1,-1,0,94,-1,,3,93
227,1,-1,0,95,-1,,3,93
223,1,-1,1,94,-1,,3,93
81,1,-1,3,5,-1,,3,93
40,1,-1,1,91,-1,,3,93
950,1,-1,3,12,-1,,3,93
931,1,-1,1,47,-1,,3,93
1033,1,-1,1,40,-1,,3,93
331,1,-1,1,5,-1,,3,93
264,1,-1,1,17,-1,,3,93
423,1,-1,2,22,-1,,3,93
9,1,-1,1,52,-1,,3,93
263,1,-1,1,81,-1,,3,93
9,1,-1,1,45,-1,,3,93
349,1,-1,99,0,-1,,3,93
367,1,-1,0,5,-1,,3,93
241,1,-1,1,89,-1,,3,93
82,1,-1,1,73,-1,,3,93
107,1,-1,1,86,-1,,3,93
241,1,-1,0,89,-1,,3,93
81,1,-1,3,20,-1,,3,93
179,1,-1,1,93,-1,,3,93
979,1,-1,1,12,-1,,3,93
184,1,-1,1,15,-1,,3,93
255,1,-1,1,8,-1,,3,93
125,1,-1,1,0,7,,3,93
498,1,-1,1,46,-1,,3,93
193,1,-1,0,3,-1,,3,93
520,1,-1,1,3,12,,3,93
1028,1,-1,99,17,-1,,3,93
941,1,-1,0,3,3,,3,93
708,1,-1,99,12,-1,,3,93
210,1,-1,1,19,-1,,3,93
954,1,-1,99,18,-1,,3,93
553,1,-1,2,12,-1,,3,93
520,1,-1,0,3,12,,3,93
401,1,-1,1,67,-1,,3,93
520,1,-1,1,0,12,,3,93
946,1,-1,99,20,-1,,3,93
342,1,-1,1,23,-1,,3,93
60,1,-1,1,16,-1,,3,93
171,1,-1,0,90,-1,,3,93
537,1,-1,1,20,-1,,3,93
217,1,-1,1,88,-1,,3,93
271,1,-1,0,7,-1,,3,93
520,1,-1,0,0,12,,3,93
531,1,-1,0,20,-1,,3,93
688,1,-1,99,5,-1,,3,93
239,1,-1,1,22,-1,,3,93
206,1,-1,1,4,7,,3,93
179,1,-1,0,93,-1,,3,93
88,1,-1,1,87,-1,,3,93
966,1,-1,99,22,-1,,3,93
262,1,-1,1,76,-1,,3,93
145,1,-1,1,82,-1,,3,93
81,1,-1,3,10,-1,,3,93
539,1,-1,2,15,-1,,3,93
116,1,-1,1,3,7,,3,93
941,1,-1,1,0,3,,3,93
370,1,-1,0,18,-1,,3,93
193,1,-1,1,3,-1,,3,93
582,1,-1,2,5,-1,,3,93
210,1,-1,0,19,-1,,3,93
171,1,-1,1,90,-1,,3,93
9,1,-1,1,39,-1,,3,93
342,1,-1,0,23,-1,,3,93
307,1,-1,2,17,-1,,3,93
346,1,-1,1,74,-1,,3,93
217,1,-1,0,88,-1,,3,93
1033,1,-1,1,49,-1,,3,93
40,1,-1,0,91,-1,,3,93
652,1,-1,0,6,-1,,3,93
980,1,-1,1,69,-1,,3,93
941,1,-1,1,3,3,,3,93
227,1,-1,1,95,-1,,3,93
537,1,-1,1,80,-1,,3,93
211,1,-1,0,15,-1,,3,93
977,1,-1,1,83,-1,,3,93
116,1,-1,0,3,7,,3,93
307,1,-1,2,11,-1,,3,93
283,1,-1,0,0,-1,,3,93
263,1,-1,0,81,-1,,3,93
88,1,-1,0,87,-1,,3,93
322,1,-1,1,18,-1,,3,93
312,1,-1,1,72,-1,,3,93
107,1,-1,0,86,-1,,3,93
81,1,-1,3,22,-1,,3,93
676,1,-1,1,51,-1,,3,93
423,1,-1,2,0,-1,,3,93
312,1,-1,1,79,-1,,3,93
142,1,-1,1,68,-1,,3,93
982,1,-1,1,41,-1,,3,93
60,1,-1,0,16,-1,,3,93
312,1,-1,1,75,-1,,3,93
582,1,-1,2,6,-1,,3,93
537,1,-1,1,77,-1,,3,93
977,1,-1,0,83,-1,,3,93
660,1,-1,1,6,-1,,3,93
269,1,-1,0,22,-1,,3,93
145,1,-1,0,82,-1,,3,93
594,1,-1,1,1,-1,,3,93
941,1,-1,0,0,3,,3,93
764,1,-1,1,77,-1,,4,93
30,1,-1,1,40,-1,,4,93
21,1,-1,2,0,-1,,4,93
478,1,-1,0,3,8,,4,93
745,1,-1,1,23,-1,,4,93
1045,1,-1,1,6,-1,,4,93
728,1,-1,1,94,-1,,4,93
715,1,-1,0,3,7,,4,93
890,1,-1,0,0,9,,4,93
689,1,-1,1,0,7,,4,93
935,1,-1,1,58,-1,,4,93
689,1,-1,0,0,7,,4,93
716,1,-1,0,18,-1,,4,93
27,1,-1,99,0,4,,4,93
399,1,-1,1,19,-1,,4,93
432,1,-1,1,3,4,,4,93
17,1,-1,1,3,12,,4,93
365,1,-1,0,19,-1,,4,93
152,1,-1,0,12,-1,,4,93
559,1,-1,0,7,-1,,4,93
409,1,-1,1,4,8,,4,93
449,1,-1,0,22,-1,,4,93
69,1,-1,99,7,-1,,4,93
425,1,-1,0,5,-1,,4,93
17,1,-1,0,3,12,,4,93
21,1,-1,2,11,-1,,4,93
152,1,-1,1,12,-1,,4,93
551,1,-1,0,88,-1,,4,93
563,1,-1,1,8,-1,,4,93
506,1,-1,1,0,-1,,4,93
672,1,-1,1,1,-1,,4,93
627,1,-1,1,0,5,,4,93
12,1,-1,2,9,-1,,4,93
26,1,-1,2,0,5,,4,93
626,1,-1,1,80,-1,,4,93
22,1,-1,2,0,8,,4,93
579,1,-1,1,60,-1,,4,93
152,1,-1,1,69,-1,,4,93
517,1,-1,0,95,-1,,4,93
12,1,-1,2,3,4,,4,93
22,1,-1,1,4,9,,4,93
372,1,-1,0,90,-1,,4,93
741,1,-1,1,46,-1,,4,93
1093,1,-1,0,3,5,,4,93
1757,1,-1,3,0,9,,4,93
519,1,-1,1,4,7,,4,93
27,1,-1,1,53,-1,,4,93
627,1,-1,1,68,-1,,4,93
298,1,-1,1,86,-1,,4,93
461,1,-1,0,0,6,,4,93
12,1,-1,2,3,-1,,4,93
1757,1,-1,3,0,-1,,4,93
1001,1,-1,0,87,-1,,4,93
410,1,-1,0,3,4,,4,93
1091,1,-1,1,52,-1,,4,93
530,1,-1,1,2,4,,4,93
1757,1,-1,3,10,-1,,4,93
16,1,-1,99,15,-1,,4,93
492,1,-1,1,1,4,,4,93
533,1,-1,1,67,-1,,4,93
530,1,-1,1,2,-1,,4,93
1046,1,-1,1,16,-1,,4,93
715,1,-1,1,3,7,,4,93
433,1,-1,1,3,6,,4,93
344,1,-1,0,15,-1,,4,93
1045,1,-1,0,6,-1,,4,93
28,1,-1,99,0,5,,4,93
621,1,-1,1,4,6,,4,93
511,1,-1,1,72,-1,,4,93
17,1,-1,0,0,12,,4,93
27,1,-1,1,61,-1,,4,93
1091,1,-1,1,39,-1,,4,93
391,1,-1,0,0,-1,,4,93
659,1,-1,1,82,-1,,4,93
20,1,-1,2,0,4,,4,93
813,1,-1,1,89,-1,,4,93
298,1,-1,0,86,-1,,4,93
365,1,-1,0,81,-1,,4,93
1196,1,-1,1,47,-1,,4,93
1757,1,-1,3,5,-1,,4,93
18,1,-1,2,15,-1,,4,93
745,1,-1,0,23,-1,,4,93
16,1,-1,99,22,-1,,4,93
428,1,-1,1,0,8,,4,93
1012,1,-1,0,20,-1,,4,93
506,1,-1,1,79,-1,,4,93
25,1,-1,99,5,-1,,4,93
1046,1,-1,0,16,-1,,4,93
478,1,-1,1,3,8,,4,93
530,1,-1,1,65,-1,,4,93
21,1,-1,2,17,-1,,4,93
22,1,-1,1,0,9,,4,93
394,1,-1,0,0,8,,4,93
447,1,-1,0,93,-1,,4,93
549,1,-1,1,4,4,,4,93
1757,1,-1,3,20,-1,,4,93
433,1,-1,0,3,6,,4,93
486,1,-1,1,0,4,,4,93
442,1,-1,1,76,-1,,4,93
483,1,-1,0,0,5,,4,93
801,1,-1,1,96,-1,,4,93
764,1,-1,1,20,-1,,4,93
501,1,-1,1,4,-1,,4,93
490,1,-1,1,3,-1,,4,93
20,1,-1,2,22,-1,,4,93
483,1,-1,0,3,-1,,4,93
813,1,-1,0,89,-1,,4,93
464,1,-1,1,5,-1,,4,93
598,1,-1,1,75,-1,,4,93
16,1,-1,2,19,-1,,4,93
659,1,-1,0,82,-1,,4,93
728,1,-1,0,94,-1,,4,93
619,1,-1,1,51,-1,,4,93
514,1,-1,1,4,5,,4,93
1091,1,-1,1,45,-1,,4,93
594,1,-1,1,7,-1,,4,93
517,1,-1,1,95,-1,,4,93
1301,1,-1,1,1,5,,4,93
372,1,-1,1,90,-1,,4,93
1001,1,-1,1,87,-1,,4,93
27,1,-1,99,0,-1,,4,93
485,1,-1,1,22,-1,,4,93
267,1,-1,0,0,4,,4,93
17,1,-1,1,0,12,,4,93
383,1,-1,1,15,-1,,4,93
454,1,-1,1,93,-1,,4,93
365,1,-1,1,81,-1,,4,93
1093,1,-1,1,3,5,,4,93
1757,1,-1,3,22,-1,,4,93
450,1,-1,1,74,-1,,4,93
568,1,-1,1,88,-1,,4,93
475,1,-1,0,17,-1,,4,93
533,1,-1,1,17,-1,,4,93
461,1,-1,1,0,6,,4,93
716,1,-1,1,18,-1,,4,93
12,1,-1,2,88,-1,,4,93
12,1,-1,2,93,-1,,4,93
17,1,-1,2,5,-1,,4,93
55,1,-1,99,0,5,,5,93
485,1,-1,1,0,6,,5,93
82,1,-1,1,73,-1,,5,93
397,1,-1,0,0,5,,5,93
768,1,-1,0,82,-1,,5,93
819,1,-1,1,89,-1,,5,93
698,1,-1,1,51,-1,,5,93
938,1,-1,0,0,9,,5,93
582,1,-1,2,6,-1,,5,93
477,1,-1,1,93,-1,,5,93
663,1,-1,1,3,7,,5,93
1028,1,-1,99,17,-1,,5,93
27,1,-1,1,61,-1,,5,93
708,1,-1,99,12,-1,,5,93
12,1,-1,2,9,-1,,5,93
1089,1,-1,0,87,-1,,5,93
988,1,-1,1,12,-1,,5,93
513,1,-1,1,3,-1,,5,93
950,1,-1,3,12,-1,,5,93
16,1,-1,2,19,-1,,5,93
912,1,-1,1,4,6,,5,93
278,1,-1,2,15,-1,,5,93
532,1,-1,1,72,-1,,5,93
409,1,-1,1,4,8,,5,93
935,1,-1,1,58,-1,,5,93
946,1,-1,99,20,-1,,5,93
37,1,-1,1,0,9,,5,93
428,1,-1,1,0,8,,5,93
27,1,-1,1,53,-1,,5,93
663,1,-1,0,3,7,,5,93
977,1,-1,1,83,-1,,5,93
122,1,-1,2,0,-1,,5,93
757,1,-1,1,16,-1,,5,93
356,1,-1,99,5,-1,,5,93
1100,1,-1,1,52,-1,,5,93
638,1,-1,1,7,-1,,5,93
1838,1,-1,3,20,-1,,5,93
1064,1,-1,1,47,-1,,5,93
445,1,-1,1,81,-1,,5,93
728,1,-1,1,75,-1,,5,93
22,1,-1,2,0,8,,5,93
454,1,-1,0,19,-1,,5,93
528,1,-1,0,5,-1,,5,93
1838,1,-1,3,0,9,,5,93
785,1,-1,0,18,-1,,5,93
394,1,-1,0,0,8,,5,93
532,1,-1,1,40,-1,,5,93
16,1,-1,99,15,-1,,5,93
977,1,-1,0,83,-1,,5,93
1838,1,-1,3,10,-1,,5,93
1020,1,-1,1,6,-1,,5,93
1202,1,-1,1,1,5,,5,93
434,1,-1,1,3,6,,5,93
478,1,-1,1,3,8,,5,93
445,1,-1,0,81,-1,,5,93
604,1,-1,0,7,-1,,5,93
37,1,-1,1,4,9,,5,93
549,1,-1,1,74,-1,,5,93
458,1,-1,0,0,-1,,5,93
1089,1,-1,1,87,-1,,5,93
508,1,-1,0,3,-1,,5,93
543,1,-1,1,88,-1,,5,93
523,1,-1,0,17,-1,,5,93
625,1,-1,1,8,-1,,5,93
776,1,-1,99,22,-1,,5,93
485,1,-1,0,0,6,,5,93
587,1,-1,1,4,-1,,5,93
1100,1,-1,1,39,-1,,5,93
420,1,-1,0,15,-1,,5,93
511,1,-1,0,22,-1,,5,93
530,1,-1,1,65,-1,,5,93
580,1,-1,1,79,-1,,5,93
982,1,-1,1,41,-1,,5,93
40,1,-1,0,91,-1,,5,93
766,1,-1,0,23,-1,,5,93
888,1,-1,1,77,-1,,5,93
784,1,-1,1,46,-1,,5,93
725,1,-1,1,4,7,,5,93
757,1,-1,0,16,-1,,5,93
669,1,-1,0,0,7,,5,93
993,1,-1,1,69,-1,,5,93
464,1,-1,1,4,5,,5,93
529,1,-1,1,0,12,,5,93
69,1,-1,99,7,-1,,5,93
819,1,-1,0,89,-1,,5,93
740,1,-1,0,94,-1,,5,93
552,1,-1,1,5,-1,,5,93
954,1,-1,99,18,-1,,5,93
371,1,-1,1,86,-1,,5,93
472,1,-1,0,93,-1,,5,93
579,1,-1,1,60,-1,,5,93
434,1,-1,0,3,6,,5,93
1838,1,-1,3,5,-1,,5,93
40,1,-1,1,91,-1,,5,93
530,1,-1,1,22,-1,,5,93
580,1,-1,1,95,-1,,5,93
129,1,-1,2,22,-1,,5,93
87,1,-1,2,17,-1,,5,93
553,1,-1,2,12,-1,,5,93
989,1,-1,0,6,-1,,5,93
746,1,-1,1,80,-1,,5,93
633,1,-1,1,67,-1,,5,93
787,1,-1,1,20,-1,,5,93
607,1,-1,1,68,-1,,5,93
105,1,-1,2,11,-1,,5,93
529,1,-1,0,0,12,,5,93
533,1,-1,0,88,-1,,5,93
443,1,-1,0,90,-1,,5,93
205,1,-1,2,5,-1,,5,93
443,1,-1,1,90,-1,,5,93
580,1,-1,0,95,-1,,5,93
834,1,-1,1,96,-1,,5,93
1838,1,-1,3,22,-1,,5,93
12,1,-1,2,93,-1,,5,93
562,1,-1,1,17,-1,,5,93
12,1,-1,2,88,-1,,5,93
1162,1,-1,1,3,5,,5,93
1162,1,-1,0,3,5,,5,93
529,1,-1,1,3,12,,5,93
740,1,-1,1,94,-1,,5,93
854,1,-1,0,12,-1,,5,93
922,1,-1,0,20,-1,,5,93
669,1,-1,1,0,7,,5,93
181,1,-1,99,0,-1,,5,93
492,1,-1,1,19,-1,,5,93
768,1,-1,1,82,-1,,5,93
12,1,-1,2,3,-1,,5,93
751,1,-1,1,1,-1,,5,93
478,1,-1,0,3,8,,5,93
1100,1,-1,1,45,-1,,5,93
530,1,-1,1,2,-1,,5,93
557,1,-1,1,0,-1,,5,93
775,1,-1,1,18,-1,,5,93
568,1,-1,1,0,5,,5,93
766,1,-1,1,23,-1,,5,93
529,1,-1,0,3,12,,5,93
451,1,-1,1,15,-1,,5,93
1394,1,-1,3,0,-1,,5,93
1033,1,-1,1,49,-1,,5,93
567,1,-1,1,76,-1,,5,93
57,1,-1,2,0,5,,5,93
371,1,-1,0,86,-1,,5,93
1146,1,-1,1,0,6,,6,93
2702,1,-1,0,0,5,,6,93
1423,1,-1,1,93,-1,,6,93
1155,1,-1,1,3,7,,6,93
1423,1,-1,1,3,-1,,6,93
2546,1,-1,0,0,4,,6,93
785,1,-1,1,72,-1,,6,93
1155,1,-1,0,3,7,,6,93
1466,1,-1,1,81,-1,,6,93
1734,1,-1,0,5,-1,,6,93
1466,1,-1,0,81,-1,,6,93
1962,1,-1,0,0,-1,,6,93
1870,1,-1,1,88,-1,,6,93
1870,1,-1,0,17,-1,,6,93
1378,1,-1,1,8,-1,,6,93
1146,1,-1,0,0,6,,6,93
752,1,-1,0,15,-1,,6,93
1155,1,-1,0,0,7,,6,93
785,1,-1,1,4,4,,6,93
2802,1,-1,1,0,12,,6,93
1296,1,-1,1,5,-1,,6,93
718,1,-1,1,86,-1,,6,93
3427,1,-1,99,0,4,,6,93
1423,1,-1,0,93,-1,,6,93
1146,1,-1,0,3,6,,6,93
879,1,-1,1,91,-1,,6,93
1332,1,-1,1,0,-1,,6,93
2802,1,-1,0,3,12,,6,93
2702,1,-1,99,0,5,,6,93
785,1,-1,1,0,4,,6,93
3486,1,-1,99,5,-1,,6,93
1146,1,-1,1,3,6,,6,93
1423,1,-1,0,3,-1,,6,93
785,1,-1,1,4,-1,,6,93
1332,1,-1,0,22,-1,,6,93
785,1,-1,1,79,-1,,6,93
879,1,-1,0,91,-1,,6,93
1332,1,-1,1,22,-1,,6,93
1378,1,-1,1,95,-1,,6,93
785,1,-1,1,67,-1,,6,93
879,1,-1,1,20,-1,,6,93
2802,1,-1,0,0,12,,6,93
1870,1,-1,0,88,-1,,6,93
1378,1,-1,0,95,-1,,6,93
1870,1,-1,1,17,-1,,6,93
2802,1,-1,1,3,12,,6,93
879,1,-1,0,20,-1,,6,93
1155,1,-1,1,0,7,,6,93
3064,1,-1,99,0,-1,,6,93
752,1,-1,1,15,-1,,6,93
718,1,-1,0,86,-1,,6,93
567,1,-1,1,0,6,,7,93
82,1,-1,1,73,-1,,7,93
526,1,-1,0,0,5,,7,93
768,1,-1,0,82,-1,,7,93
582,1,-1,2,6,-1,,7,93
576,1,-1,1,93,-1,,7,93
731,1,-1,1,3,7,,7,93
790,1,-1,0,0,1,,7,93
27,1,-1,1,61,-1,,7,93
708,1,-1,99,12,-1,,7,93
12,1,-1,2,9,-1,,7,93
988,1,-1,1,12,-1,,7,93
602,1,-1,1,3,-1,,7,93
950,1,-1,3,12,-1,,7,93
912,1,-1,1,4,6,,7,93
363,1,-1,0,0,4,,7,93
597,1,-1,1,72,-1,,7,93
409,1,-1,1,4,8,,7,93
935,1,-1,1,58,-1,,7,93
432,1,-1,1,3,4,,7,93
731,1,-1,0,3,7,,7,93
1100,1,-1,1,52,-1,,7,93
638,1,-1,1,7,-1,,7,93
931,1,-1,1,1,1,,7,93
1064,1,-1,1,47,-1,,7,93
941,1,-1,0,3,3,,7,93
592,1,-1,1,81,-1,,7,93
728,1,-1,1,75,-1,,7,93
22,1,-1,2,0,8,,7,93
627,1,-1,0,5,-1,,7,93
1838,1,-1,3,0,9,,7,93
785,1,-1,0,18,-1,,7,93
532,1,-1,1,40,-1,,7,93
977,1,-1,0,83,-1,,7,93
1033,1,-1,1,1,2,,7,93
1020,1,-1,1,6,-1,,7,93
478,1,-1,1,3,8,,7,93
592,1,-1,0,81,-1,,7,93
549,1,-1,1,74,-1,,7,93
545,1,-1,0,0,-1,,7,93
1089,1,-1,1,87,-1,,7,93
658,1,-1,1,88,-1,,7,93
581,1,-1,0,17,-1,,7,93
736,1,-1,1,8,-1,,7,93
776,1,-1,99,22,-1,,7,93
567,1,-1,0,0,6,,7,93
1100,1,-1,1,39,-1,,7,93
462,1,-1,0,15,-1,,7,93
530,1,-1,1,65,-1,,7,93
982,1,-1,1,41,-1,,7,93
766,1,-1,0,23,-1,,7,93
784,1,-1,1,46,-1,,7,93
725,1,-1,1,4,7,,7,93
730,1,-1,0,0,7,,7,93
602,1,-1,1,4,4,,7,93
993,1,-1,1,69,-1,,7,93
464,1,-1,1,4,5,,7,93
966,1,-1,1,0,1,,7,93
1930,1,-1,1,0,12,,7,93
69,1,-1,99,7,-1,,7,93
819,1,-1,0,89,-1,,7,93
950,1,-1,3,0,1,,7,93
625,1,-1,1,5,-1,,7,93
410,1,-1,1,86,-1,,7,93
281,1,-1,99,0,4,,7,93
570,1,-1,0,93,-1,,7,93
526,1,-1,0,3,6,,7,93
530,1,-1,1,2,4,,7,93
1838,1,-1,3,5,-1,,7,93
919,1,-1,1,91,-1,,7,93
553,1,-1,2,12,-1,,7,93
746,1,-1,1,80,-1,,7,93
941,1,-1,1,0,3,,7,93
1162,1,-1,1,3,5,,7,93
740,1,-1,1,94,-1,,7,93
768,1,-1,1,82,-1,,7,93
12,1,-1,2,3,-1,,7,93
478,1,-1,0,3,8,,7,93
530,1,-1,1,2,-1,,7,93
610,1,-1,1,0,-1,,7,93
568,1,-1,1,0,5,,7,93
1930,1,-1,0,3,12,,7,93
1394,1,-1,3,0,-1,,7,93
20,1,-1,2,0,4,,7,93
1033,1,-1,1,49,-1,,7,93
470,1,-1,99,0,5,,7,93
819,1,-1,1,89,-1,,7,93
698,1,-1,1,51,-1,,7,93
1118,1,-1,1,3,1,,7,93
938,1,-1,0,0,9,,7,93
1028,1,-1,99,17,-1,,7,93
1089,1,-1,0,87,-1,,7,93
16,1,-1,2,19,-1,,7,93
950,1,-1,1,4,1,,7,93
278,1,-1,2,15,-1,,7,93
505,1,-1,1,0,4,,7,93
941,1,-1,1,3,3,,7,93
946,1,-1,99,20,-1,,7,93
37,1,-1,1,0,9,,7,93
428,1,-1,1,0,8,,7,93
27,1,-1,1,53,-1,,7,93
977,1,-1,1,83,-1,,7,93
122,1,-1,2,0,-1,,7,93
757,1,-1,1,16,-1,,7,93
647,1,-1,99,5,-1,,7,93
1838,1,-1,3,20,-1,,7,93
454,1,-1,0,19,-1,,7,93
394,1,-1,0,0,8,,7,93
16,1,-1,99,15,-1,,7,93
1838,1,-1,3,10,-1,,7,93
686,1,-1,99,0,1,,7,93
492,1,-1,1,1,4,,7,93
1202,1,-1,1,1,5,,7,93
526,1,-1,1,3,6,,7,93
604,1,-1,0,7,-1,,7,93
37,1,-1,1,4,9,,7,93
553,1,-1,2,0,1,,7,93
596,1,-1,0,3,-1,,7,93
598,1,-1,1,4,-1,,7,93
563,1,-1,0,22,-1,,7,93
593,1,-1,1,79,-1,,7,93
919,1,-1,0,91,-1,,7,93
888,1,-1,1,77,-1,,7,93
1002,1,-1,1,0,2,,7,93
757,1,-1,0,16,-1,,7,93
944,1,-1,1,3,2,,7,93
1012,1,-1,1,4,2,,7,93
12,1,-1,2,3,4,,7,93
740,1,-1,0,94,-1,,7,93
954,1,-1,99,18,-1,,7,93
579,1,-1,1,60,-1,,7,93
937,1,-1,99,0,2,,7,93
589,1,-1,1,22,-1,,7,93
715,1,-1,1,95,-1,,7,93
129,1,-1,2,22,-1,,7,93
941,1,-1,0,0,3,,7,93
87,1,-1,2,17,-1,,7,93
989,1,-1,0,6,-1,,7,93
410,1,-1,0,3,4,,7,93
653,1,-1,1,67,-1,,7,93
944,1,-1,0,3,2,,7,93
913,1,-1,1,20,-1,,7,93
607,1,-1,1,68,-1,,7,93
105,1,-1,2,11,-1,,7,93
1930,1,-1,0,0,12,,7,93
645,1,-1,0,88,-1,,7,93
992,1,-1,0,0,2,,7,93
443,1,-1,0,90,-1,,7,93
205,1,-1,2,5,-1,,7,93
443,1,-1,1,90,-1,,7,93
715,1,-1,0,95,-1,,7,93
834,1,-1,1,96,-1,,7,93
1838,1,-1,3,22,-1,,7,93
12,1,-1,2,93,-1,,7,93
627,1,-1,1,17,-1,,7,93
1118,1,-1,0,3,1,,7,93
12,1,-1,2,88,-1,,7,93
1162,1,-1,0,3,5,,7,93
1930,1,-1,1,3,12,,7,93
854,1,-1,0,12,-1,,7,93
1019,1,-1,0,20,-1,,7,93
730,1,-1,1,0,7,,7,93
422,1,-1,99,0,-1,,7,93
492,1,-1,1,19,-1,,7,93
751,1,-1,1,1,-1,,7,93
1100,1,-1,1,45,-1,,7,93
775,1,-1,1,18,-1,,7,93
766,1,-1,1,23,-1,,7,93
500,1,-1,1,15,-1,,7,93
567,1,-1,1,76,-1,,7,93
57,1,-1,2,0,5,,7,93
410,1,-1,0,86,-1,,7,93
1004,1,-1,99,0,5,,8,93
1065,1,-1,1,0,6,,8,93
995,1,-1,1,73,-1,,8,93
1036,1,-1,0,0,5,,8,93
964,1,-1,0,82,-1,,8,93
1049,1,-1,1,89,-1,,8,93
1017,1,-1,1,51,-1,,8,93
1060,1,-1,1,93,-1,,8,93
999,1,-1,1,3,7,,8,93
1203,1,-1,1,61,-1,,8,93
1241,1,-1,2,9,-1,,8,93
1064,1,-1,1,3,-1,,8,93
768,1,-1,2,19,-1,,8,93
1091,1,-1,1,4,6,,8,93
769,1,-1,2,15,-1,,8,93
1079,1,-1,1,0,4,,8,93
995,1,-1,0,0,4,,8,93
1056,1,-1,1,72,-1,,8,93
1098,1,-1,1,3,4,,8,93
1203,1,-1,1,53,-1,,8,93
999,1,-1,0,3,7,,8,93
895,1,-1,2,0,-1,,8,93
995,1,-1,1,16,-1,,8,93
955,1,-1,99,5,-1,,8,93
1010,1,-1,1,7,-1,,8,93
1067,1,-1,1,81,-1,,8,93
958,1,-1,1,75,-1,,8,93
1086,1,-1,0,19,-1,,8,93
1023,1,-1,0,5,-1,,8,93
1044,1,-1,0,18,-1,,8,93
1061,1,-1,1,40,-1,,8,93
1112,1,-1,99,15,-1,,8,93
1017,1,-1,1,1,4,,8,93
1063,1,-1,1,3,6,,8,93
1067,1,-1,0,81,-1,,8,93
941,1,-1,0,7,-1,,8,93
1022,1,-1,1,74,-1,,8,93
1018,1,-1,0,0,-1,,8,93
1067,1,-1,0,3,-1,,8,93
1034,1,-1,1,88,-1,,8,93
1014,1,-1,0,17,-1,,8,93
1055,1,-1,1,8,-1,,8,93
1112,1,-1,99,22,-1,,8,93
1065,1,-1,0,0,6,,8,93
1037,1,-1,1,4,-1,,8,93
1037,1,-1,0,15,-1,,8,93
1035,1,-1,0,22,-1,,8,93
1222,1,-1,1,65,-1,,8,93
1046,1,-1,1,79,-1,,8,93
1217,1,-1,0,91,-1,,8,93
1081,1,-1,0,23,-1,,8,93
1141,1,-1,1,77,-1,,8,93
1089,1,-1,1,46,-1,,8,93
1141,1,-1,1,4,7,,8,93
995,1,-1,0,16,-1,,8,93
1015,1,-1,0,0,7,,8,93
1066,1,-1,1,4,4,,8,93
1071,1,-1,1,4,5,,8,93
1202,1,-1,1,0,12,,8,93
1241,1,-1,2,3,4,,8,93
533,1,-1,99,7,-1,,8,93
1049,1,-1,0,89,-1,,8,93
1135,1,-1,0,94,-1,,8,93
1049,1,-1,1,5,-1,,8,93
1060,1,-1,1,86,-1,,8,93
959,1,-1,99,0,4,,8,93
1063,1,-1,0,93,-1,,8,93
1241,1,-1,1,60,-1,,8,93
1063,1,-1,0,3,6,,8,93
1222,1,-1,1,2,4,,8,93
1217,1,-1,1,91,-1,,8,93
1056,1,-1,1,22,-1,,8,93
1049,1,-1,1,95,-1,,8,93
870,1,-1,2,22,-1,,8,93
909,1,-1,2,17,-1,,8,93
1000,1,-1,1,80,-1,,8,93
1109,1,-1,0,3,4,,8,93
1011,1,-1,1,67,-1,,8,93
1179,1,-1,1,20,-1,,8,93
1023,1,-1,1,68,-1,,8,93
979,1,-1,2,11,-1,,8,93
1202,1,-1,0,0,12,,8,93
1041,1,-1,0,88,-1,,8,93
1129,1,-1,0,90,-1,,8,93
813,1,-1,2,5,-1,,8,93
1129,1,-1,1,90,-1,,8,93
1049,1,-1,0,95,-1,,8,93
1148,1,-1,1,96,-1,,8,93
1241,1,-1,2,93,-1,,8,93
1033,1,-1,1,17,-1,,8,93
1241,1,-1,2,88,-1,,8,93
1202,1,-1,1,3,12,,8,93
1135,1,-1,1,94,-1,,8,93
1179,1,-1,0,20,-1,,8,93
1015,1,-1,1,0,7,,8,93
973,1,-1,99,0,-1,,8,93
1112,1,-1,1,19,-1,,8,93
964,1,-1,1,82,-1,,8,93
1241,1,-1,2,3,-1,,8,93
1017,1,-1,1,1,-1,,8,93
1222,1,-1,1,2,-1,,8,93
1055,1,-1,1,0,-1,,8,93
1044,1,-1,1,18,-1,,8,93
1071,1,-1,1,0,5,,8,93
1081,1,-1,1,23,-1,,8,93
1202,1,-1,0,3,12,,8,93
1059,1,-1,1,15,-1,,8,93
896,1,-1,2,0,4,,8,93
1079,1,-1,1,76,-1,,8,93
883,1,-1,2,0,5,,8,93
1060,1,-1,0,86,-1,,8,93
1227,1,-1,1,0,6,,9,93
1077,1,-1,1,73,-1,,9,93
1137,1,-1,0,0,5,,9,93
1250,1,-1,0,82,-1,,9,93
582,1,-1,2,6,-1,,9,93
1155,1,-1,1,93,-1,,9,93
1133,1,-1,1,3,7,,9,93
790,1,-1,0,0,1,,9,93
1230,1,-1,1,61,-1,,9,93
708,1,-1,99,12,-1,,9,93
1253,1,-1,2,9,-1,,9,93
988,1,-1,1,12,-1,,9,93
1156,1,-1,1,3,-1,,9,93
950,1,-1,3,12,-1,,9,93
1276,1,-1,1,4,6,,9,93
1050,1,-1,0,0,4,,9,93
1148,1,-1,1,72,-1,,9,93
409,1,-1,1,4,8,,9,93
935,1,-1,1,58,-1,,9,93
1164,1,-1,1,3,4,,9,93
1133,1,-1,0,3,7,,9,93
1100,1,-1,1,52,-1,,9,93
1016,1,-1,1,7,-1,,9,93
931,1,-1,1,1,1,,9,93
1064,1,-1,1,47,-1,,9,93
941,1,-1,0,3,3,,9,93
1085,1,-1,1,81,-1,,9,93
1111,1,-1,1,75,-1,,9,93
22,1,-1,2,0,8,,9,93
998,1,-1,0,5,-1,,9,93
1838,1,-1,3,0,9,,9,93
1133,1,-1,0,18,-1,,9,93
1062,1,-1,1,40,-1,,9,93
977,1,-1,0,83,-1,,9,93
1033,1,-1,1,1,2,,9,93
1020,1,-1,1,6,-1,,9,93
478,1,-1,1,3,8,,9,93
1085,1,-1,0,81,-1,,9,93
933,1,-1,1,74,-1,,9,93
1049,1,-1,0,0,-1,,9,93
1089,1,-1,1,87,-1,,9,93
1155,1,-1,1,88,-1,,9,93
1056,1,-1,0,17,-1,,9,93
1136,1,-1,1,8,-1,,9,93
999,1,-1,99,22,-1,,9,93
1227,1,-1,0,0,6,,9,93
1100,1,-1,1,39,-1,,9,93
1111,1,-1,0,15,-1,,9,93
1141,1,-1,1,65,-1,,9,93
982,1,-1,1,41,-1,,9,93
1127,1,-1,0,23,-1,,9,93
1147,1,-1,1,46,-1,,9,93
1295,1,-1,1,4,7,,9,93
1150,1,-1,0,0,7,,9,93
1118,1,-1,1,4,4,,9,93
993,1,-1,1,69,-1,,9,93
1178,1,-1,1,4,5,,9,93
966,1,-1,1,0,1,,9,93
1130,1,-1,1,0,12,,9,93
602,1,-1,99,7,-1,,9,93
1169,1,-1,0,89,-1,,9,93
950,1,-1,3,0,1,,9,93
1024,1,-1,1,5,-1,,9,93
1195,1,-1,1,86,-1,,9,93
985,1,-1,99,0,4,,9,93
1156,1,-1,0,93,-1,,9,93
1221,1,-1,0,3,6,,9,93
1141,1,-1,1,2,4,,9,93
1838,1,-1,3,5,-1,,9,93
1257,1,-1,1,91,-1,,9,93
553,1,-1,2,12,-1,,9,93
1079,1,-1,1,80,-1,,9,93
941,1,-1,1,0,3,,9,93
1162,1,-1,1,3,5,,9,93
1166,1,-1,1,94,-1,,9,93
1250,1,-1,1,82,-1,,9,93
1253,1,-1,2,3,-1,,9,93
478,1,-1,0,3,8,,9,93
1141,1,-1,1,2,-1,,9,93
1099,1,-1,1,0,-1,,9,93
1180,1,-1,1,0,5,,9,93
1130,1,-1,0,3,12,,9,93
1394,1,-1,3,0,-1,,9,93
915,1,-1,2,0,4,,9,93
1033,1,-1,1,49,-1,,9,93
1059,1,-1,99,0,5,,9,93
1169,1,-1,1,89,-1,,9,93
1105,1,-1,1,51,-1,,9,93
1118,1,-1,1,3,1,,9,93
938,1,-1,0,0,9,,9,93
1028,1,-1,99,17,-1,,9,93
1089,1,-1,0,87,-1,,9,93
400,1,-1,2,19,-1,,9,93
950,1,-1,1,4,1,,9,93
663,1,-1,2,15,-1,,9,93
1129,1,-1,1,0,4,,9,93
941,1,-1,1,3,3,,9,93
946,1,-1,99,20,-1,,9,93
37,1,-1,1,0,9,,9,93
428,1,-1,1,0,8,,9,93
1230,1,-1,1,53,-1,,9,93
977,1,-1,1,83,-1,,9,93
793,1,-1,2,0,-1,,9,93
1089,1,-1,1,16,-1,,9,93
834,1,-1,99,5,-1,,9,93
1838,1,-1,3,20,-1,,9,93
1018,1,-1,0,19,-1,,9,93
394,1,-1,0,0,8,,9,93
1128,1,-1,99,15,-1,,9,93
1838,1,-1,3,10,-1,,9,93
686,1,-1,99,0,1,,9,93
1073,1,-1,1,1,4,,9,93
1202,1,-1,1,1,5,,9,93
1221,1,-1,1,3,6,,9,93
992,1,-1,0,7,-1,,9,93
37,1,-1,1,4,9,,9,93
553,1,-1,2,0,1,,9,93
1157,1,-1,0,3,-1,,9,93
1020,1,-1,1,4,-1,,9,93
1072,1,-1,0,22,-1,,9,93
1016,1,-1,1,79,-1,,9,93
1257,1,-1,0,91,-1,,9,93
1116,1,-1,1,77,-1,,9,93
1002,1,-1,1,0,2,,9,93
1089,1,-1,0,16,-1,,9,93
944,1,-1,1,3,2,,9,93
1012,1,-1,1,4,2,,9,93
1253,1,-1,2,3,4,,9,93
1166,1,-1,0,94,-1,,9,93
954,1,-1,99,18,-1,,9,93
1199,1,-1,1,60,-1,,9,93
937,1,-1,99,0,2,,9,93
1098,1,-1,1,22,-1,,9,93
1156,1,-1,1,95,-1,,9,93
767,1,-1,2,22,-1,,9,93
941,1,-1,0,0,3,,9,93
895,1,-1,2,17,-1,,9,93
989,1,-1,0,6,-1,,9,93
1169,1,-1,0,3,4,,9,93
970,1,-1,1,67,-1,,9,93
944,1,-1,0,3,2,,9,93
1124,1,-1,1,20,-1,,9,93
914,1,-1,1,68,-1,,9,93
945,1,-1,2,11,-1,,9,93
1130,1,-1,0,0,12,,9,93
1157,1,-1,0,88,-1,,9,93
992,1,-1,0,0,2,,9,93
1088,1,-1,0,90,-1,,9,93
747,1,-1,2,5,-1,,9,93
1088,1,-1,1,90,-1,,9,93
1156,1,-1,0,95,-1,,9,93
1042,1,-1,1,96,-1,,9,93
1838,1,-1,3,22,-1,,9,93
1253,1,-1,2,93,-1,,9,93
1073,1,-1,1,17,-1,,9,93
1118,1,-1,0,3,1,,9,93
1253,1,-1,2,88,-1,,9,93
1162,1,-1,0,3,5,,9,93
1130,1,-1,1,3,12,,9,93
854,1,-1,0,12,-1,,9,93
1184,1,-1,0,20,-1,,9,93
1150,1,-1,1,0,7,,9,93
945,1,-1,99,0,-1,,9,93
1072,1,-1,1,19,-1,,9,93
1090,1,-1,1,1,-1,,9,93
1100,1,-1,1,45,-1,,9,93
1143,1,-1,1,18,-1,,9,93
1127,1,-1,1,23,-1,,9,93
1168,1,-1,1,15,-1,,9,93
1047,1,-1,1,76,-1,,9,93
940,1,-1,2,0,5,,9,93
1195,1,-1,0,86,-1,,9,93
900,1,-1,1,0,-1,,11,93
900,1,-1,0,0,-1,,11,93
900,1,-1,1,4,-1,,11,93
1147,1,-1,1,4,-1,,13,93
28,1,-1,1,1,-1,,14,93
37,1,-1,1,3,-1,,14,93
1136,1,-1,1,0,-1,,13,93
1136,1,-1,0,0,-1,,13,93
1135,1,-1,0,3,-1,,13,93
1013,1,-1,1,2,-1,,13,93
37,1,-1,0,3,-1,,14,93
21,1,-1,2,0,-1,,14,93
33,1,-1,1,0,-1,,14,93
26,1,-1,99,0,-1,,14,93
24,1,-1,2,3,-1,,14,93
26,1,-1,1,2,-1,,14,93
30,1,-1,0,0,-1,,14,93
1135,1,-1,1,3,-1,,13,93
25,1,-1,1,4,-1,,14,93
1142,1,-1,1,1,-1,,13,93
1055,1,-1,1,0,-1,,16,93
895,1,-1,2,0,-1,,16,93
973,1,-1,99,0,-1,,16,93
1018,1,-1,0,0,-1,,16,93
1017,1,-1,1,1,-1,,16,93
1222,1,-1,1,2,-1,,16,93
1064,1,-1,1,3,-1,,16,93
1241,1,-1,2,3,-1,,16,93
1067,1,-1,0,3,-1,,16,93
1037,1,-1,1,4,-1,,16,93
17,1,10,1,0,-1,47154162,53,93
1,1,10,99,0,-1,47154162,53,93
18,1,10,0,0,-1,47154162,53,93
12,1,10,2,0,-1,61bdabec,53,93
17,1,10,99,0,-1,61bdabec,53,93
29,1,10,0,0,-1,61bdabec,53,93
1,1,10,1,0,-1,cab04cc2,53,93
38,1,10,2,0,-1,cab04cc2,53,93
144,1,10,99,0,-1,cab04cc2,53,93
183,1,10,0,0,-1,cab04cc2,53,93
9,1,10,1,0,-1,d233090c,53,93
2,1,10,2,0,-1,d233090c,53,93
11,1,10,0,0,-1,d233090c,53,93
90,1,10,1,0,-1,ebd57f64,53,93
4,1,10,2,0,-1,ebd57f64,53,93
93,1,10,0,0,-1,ebd57f64,53,93
13,1,10,1,0,-1,ff25088b,53,93
1,1,10,3,0,-1,ff25088b,53,93
3,1,10,99,0,-1,ff25088b,53,93
17,1,10,0,0,-1,ff25088b,53,93
1,1,10,1,1,-1,47154162,53,93
4,1,10,1,1,-1,ebd57f64,53,93
2,1,10,1,1,-1,ff25088b,53,93
2,1,10,1,2,-1,ebd57f64,53,93
12,1,10,1,3,-1,47154162,53,93
12,1,10,0,3,-1,47154162,53,93
2,1,10,1,3,-1,d233090c,53,93
2,1,10,0,3,-1,d233090c,53,93
58,1,10,1,3,-1,ebd57f64,53,93
4,1,10,2,3,-1,ebd57f64,53,93
61,1,10,0,3,-1,ebd57f64,53,93
1,1,10,1,3,-1,ff25088b,53,93
1,1,10,0,3,-1,ff25088b,53,93
4,1,10,1,4,-1,47154162,53,93
1,1,10,1,4,-1,cab04cc2,53,93
7,1,10,1,4,-1,d233090c,53,93
27,1,10,1,4,-1,ebd57f64,53,93
10,1,10,1,4,-1,ff25088b,53,93
12,1,10,1,5,-1,47154162,53,93
12,1,10,0,5,-1,47154162,53,93
4,1,10,2,5,-1,61bdabec,53,93
9,1,10,99,5,-1,61bdabec,53,93
13,1,10,0,5,-1,61bdabec,53,93
1,1,10,1,5,-1,cab04cc2,53,93
5,1,10,2,5,-1,cab04cc2,53,93
19,1,10,99,5,-1,cab04cc2,53,93
25,1,10,0,5,-1,cab04cc2,53,93
8,1,10,1,5,-1,d233090c,53,93
8,1,10,0,5,-1,d233090c,53,93
31,1,10,1,5,-1,ebd57f64,53,93
31,1,10,0,5,-1,ebd57f64,53,93
8,1,10,1,5,-1,ff25088b,53,93
2,1,10,99,5,-1,ff25088b,53,93
10,1,10,0,5,-1,ff25088b,53,93
2,1,10,1,7,-1,47154162,53,93
2,1,10,0,7,-1,47154162,53,93
1,1,10,99,7,-1,cab04cc2,53,93
1,1,10,0,7,-1,cab04cc2,53,93
2,1,10,1,7,-1,d233090c,53,93
2,1,10,0,7,-1,d233090c,53,93
6,1,10,1,7,-1,ebd57f64,53,93
6,1,10,0,7,-1,ebd57f64,53,93
1,1,10,1,7,-1,ff25088b,53,93
1,1,10,0,7,-1,ff25088b,53,93
12,1,10,1,8,-1,47154162,53,93
2,1,10,1,8,-1,d233090c,53,93
30,1,10,1,8,-1,ebd57f64,53,93
2,1,10,1,8,-1,ff25088b,53,93
4,1,10,2,9,-1,ebd57f64,53,93
13,1,11,1,0,-1,,53,93
12,1,11,2,0,-1,,53,93
1,1,11,3,0,-1,,53,93
20,1,11,99,0,-1,,53,93
46,1,11,0,0,-1,,53,93
17,1,13,1,0,-1,,53,93
1,1,13,99,0,-1,,53,93
18,1,13,0,0,-1,,53,93
9,1,15,1,0,-1,,53,93
2,1,15,2,0,-1,,53,93
11,1,15,0,0,-1,,53,93
91,1,14,1,0,-1,,53,93
42,1,14,2,0,-1,,53,93
144,1,14,99,0,-1,,53,93
276,1,14,0,0,-1,,53,93
2,1,11,1,1,-1,,53,93
1,1,13,1,1,-1,,53,93
4,1,14,1,1,-1,,53,93
2,1,14,1,2,-1,,53,93
1,1,11,1,3,-1,,53,93
1,1,11,0,3,-1,,53,93
12,1,13,1,3,-1,,53,93
12,1,13,0,3,-1,,53,93
2,1,15,1,3,-1,,53,93
2,1,15,0,3,-1,,53,93
58,1,14,1,3,-1,,53,93
4,1,14,2,3,-1,,53,93
61,1,14,0,3,-1,,53,93
10,1,11,1,4,-1,,53,93
4,1,13,1,4,-1,,53,93
7,1,15,1,4,-1,,53,93
28,1,14,1,4,-1,,53,93
8,1,11,1,5,-1,,53,93
4,1,11,2,5,-1,,53,93
11,1,11,99,5,-1,,53,93
23,1,11,0,5,-1,,53,93
12,1,13,1,5,-1,,53,93
12,1,13,0,5,-1,,53,93
8,1,15,1,5,-1,,53,93
8,1,15,0,5,-1,,53,93
32,1,14,1,5,-1,,53,93
5,1,14,2,5,-1,,53,93
19,1,14,99,5,-1,,53,93
56,1,14,0,5,-1,,53,93
6,1,11,1,6,-1,,53,93
4,1,11,2,6,-1,,53,93
10,1,11,0,6,-1,,53,93
1,1,11,1,7,-1,,53,93
1,1,11,0,7,-1,,53,93
2,1,13,1,7,-1,,53,93
2,1,13,0,7,-1,,53,93
2,1,15,1,7,-1,,53,93
2,1,15,0,7,-1,,53,93
6,1,14,1,7,-1,,53,93
1,1,14,99,7,-1,,53,93
7,1,14,0,7,-1,,53,93
2,1,11,1,8,-1,,53,93
12,1,13,1,8,-1,,53,93
2,1,15,1,8,-1,,53,93
30,1,14,1,8,-1,,53,93
4,1,14,2,9,-1,,53,93
30,1,16,1,0,-1,,53,93
12,1,16,2,0,-1,,53,93
1,1,16,3,0,-1,,53,93
21,1,16,99,0,-1,,53,93
64,1,16,0,0,-1,,53,93
3,1,16,1,1,-1,,53,93
13,1,16,1,3,-1,,53,93
13,1,16,0,3,-1,,53,93
14,1,16,1,4,-1,,53,93
20,1,16,1,5,-1,,53,93
4,1,16,2,5,-1,,53,93
11,1,16,99,5,-1,,53,93
35,1,16,0,5,-1,,53,93
6,1,16,1,6,-1,,53,93
4,1,16,2,6,-1,,53,93
10,1,16,0,6,-1,,53,93
3,1,16,1,7,-1,,53,93
3,1,16,0,7,-1,,53,93
14,1,16,1,8,-1,,53,93
17,1,10,1,0,-1,47154162,54,93
1,1,10,99,0,-1,47154162,54,93
18,1,10,0,0,-1,47154162,54,93
3,1,10,2,0,-1,61bdabec,54,93
7,1,10,99,0,-1,61bdabec,54,93
10,1,10,0,0,-1,61bdabec,54,93
1,1,10,1,0,-1,cab04cc2,54,93
11,1,10,2,0,-1,cab04cc2,54,93
41,1,10,99,0,-1,cab04cc2,54,93
53,1,10,0,0,-1,cab04cc2,54,93
9,1,10,1,0,-1,d233090c,54,93
1,1,10,2,0,-1,d233090c,54,93
10,1,10,0,0,-1,d233090c,54,93
92,1,10,1,0,-1,ebd57f64,54,93
1,1,10,2,0,-1,ebd57f64,54,93
93,1,10,0,0,-1,ebd57f64,54,93
13,1,10,1,0,-1,ff25088b,54,93
1,1,10,3,0,-1,ff25088b,54,93
3,1,10,99,0,-1,ff25088b,54,93
17,1,10,0,0,-1,ff25088b,54,93
1,1,10,1,1,-1,47154162,54,93
4,1,10,1,1,-1,ebd57f64,54,93
2,1,10,1,1,-1,ff25088b,54,93
2,1,10,1,2,-1,ebd57f64,54,93
12,1,10,1,3,-1,47154162,54,93
12,1,10,0,3,-1,47154162,54,93
2,1,10,1,3,-1,d233090c,54,93
2,1,10,0,3,-1,d233090c,54,93
60,1,10,1,3,-1,ebd57f64,54,93
1,1,10,2,3,-1,ebd57f64,54,93
61,1,10,0,3,-1,ebd57f64,54,93
1,1,10,1,3,-1,ff25088b,54,93
1,1,10,0,3,-1,ff25088b,54,93
4,1,10,1,4,-1,47154162,54,93
1,1,10,1,4,-1,cab04cc2,54,93
7,1,10,1,4,-1,d233090c,54,93
27,1,10,1,4,-1,ebd57f64,54,93
10,1,10,1,4,-1,ff25088b,54,93
12,1,10,1,5,-1,47154162,54,93
12,1,10,0,5,-1,47154162,54,93
1,1,10,2,5,-1,61bdabec,54,93
4,1,10,99,5,-1,61bdabec,54,93
5,1,10,0,5,-1,61bdabec,54,93
1,1,10,1,5,-1,cab04cc2,54,93
2,1,10,2,5,-1,cab04cc2,54,93
6,1,10,99,5,-1,cab04cc2,54,93
9,1,10,0,5,-1,cab04cc2,54,93
8,1,10,1,5,-1,d233090c,54,93
8,1,10,0,5,-1,d233090c,54,93
32,1,10,1,5,-1,ebd57f64,54,93
32,1,10,0,5,-1,ebd57f64,54,93
8,1,10,1,5,-1,ff25088b,54,93
2,1,10,99,5,-1,ff25088b,54,93
10,1,10,0,5,-1,ff25088b,54,93
2,1,10,1,7,-1,47154162,54,93
2,1,10,0,7,-1,47154162,54,93
1,1,10,99,7,-1,cab04cc2,54,93
1,1,10,0,7,-1,cab04cc2,54,93
2,1,10,1,7,-1,d233090c,54,93
2,1,10,0,7,-1,d233090c,54,93
6,1,10,1,7,-1,ebd57f64,54,93
6,1,10,0,7,-1,ebd57f64,54,93
1,1,10,1,7,-1,ff25088b,54,93
1,1,10,0,7,-1,ff25088b,54,93
12,1,10,1,8,-1,47154162,54,93
2,1,10,1,8,-1,d233090c,54,93
31,1,10,1,8,-1,ebd57f64,54,93
2,1,10,1,8,-1,ff25088b,54,93
1,1,10,2,9,-1,ebd57f64,54,93
13,1,11,1,0,-1,,54,93
3,1,11,2,0,-1,,54,93
1,1,11,3,0,-1,,54,93
10,1,11,99,0,-1,,54,93
27,1,11,0,0,-1,,54,93
17,1,13,1,0,-1,,54,93
1,1,13,99,0,-1,,54,93
18,1,13,0,0,-1,,54,93
93,1,14,1,0,-1,,54,93
12,1,14,2,0,-1,,54,93
41,1,14,99,0,-1,,54,93
146,1,14,0,0,-1,,54,93
9,1,15,1,0,-1,,54,93
1,1,15,2,0,-1,,54,93
10,1,15,0,0,-1,,54,93
2,1,11,1,1,-1,,54,93
1,1,13,1,1,-1,,54,93
4,1,14,1,1,-1,,54,93
2,1,14,1,2,-1,,54,93
1,1,11,1,3,-1,,54,93
1,1,11,0,3,-1,,54,93
12,1,13,1,3,-1,,54,93
12,1,13,0,3,-1,,54,93
60,1,14,1,3,-1,,54,93
1,1,14,2,3,-1,,54,93
61,1,14,0,3,-1,,54,93
2,1,15,1,3,-1,,54,93
2,1,15,0,3,-1,,54,93
10,1,11,1,4,-1,,54,93
4,1,13,1,4,-1,,54,93
28,1,14,1,4,-1,,54,93
7,1,15,1,4,-1,,54,93
8,1,11,1,5,-1,,54,93
1,1,11,2,5,-1,,54,93
6,1,11,99,5,-1,,54,93
15,1,11,0,5,-1,,54,93
12,1,13,1,5,-1,,54,93
12,1,13,0,5,-1,,54,93
33,1,14,1,5,-1,,54,93
2,1,14,2,5,-1,,54,93
6,1,14,99,5,-1,,54,93
41,1,14,0,5,-1,,54,93
8,1,15,1,5,-1,,54,93
8,1,15,0,5,-1,,54,93
6,1,11,1,6,-1,,54,93
1,1,11,2,6,-1,,54,93
7,1,11,0,6,-1,,54,93
1,1,11,1,7,-1,,54,93
1,1,11,0,7,-1,,54,93
2,1,13,1,7,-1,,54,93
2,1,13,0,7,-1,,54,93
6,1,14,1,7,-1,,54,93
1,1,14,99,7,-1,,54,93
7,1,14,0,7,-1,,54,93
2,1,15,1,7,-1,,54,93
2,1,15,0,7,-1,,54,93
2,1,11,1,8,-1,,54,93
12,1,13,1,8,-1,,54,93
31,1,14,1,8,-1,,54,93
2,1,15,1,8,-1,,54,93
1,1,14,2,9,-1,,54,93
30,1,16,1,0,-1,,54,93
3,1,16,2,0,-1,,54,93
1,1,16,3,0,-1,,54,93
11,1,16,99,0,-1,,54,93
45,1,16,0,0,-1,,54,93
3,1,16,1,1,-1,,54,93
13,1,16,1,3,-1,,54,93
13,1,16,0,3,-1,,54,93
14,1,16,1,4,-1,,54,93
20,1,16,1,5,-1,,54,93
1,1,16,2,5,-1,,54,93
6,1,16,99,5,-1,,54,93
27,1,16,0,5,-1,,54,93
6,1,16,1,6,-1,,54,93
1,1,16,2,6,-1,,54,93
7,1,16,0,6,-1,,54,93
3,1,16,1,7,-1,,54,93
3,1,16,0,7,-1,,54,93
14,1,16,1,8,-1,,54,93
12,1,10,1,3,-1,47154162,55,93
12,1,10,0,3,-1,47154162,55,93
2,1,10,1,3,-1,d233090c,55,93
2,1,10,0,3,-1,d233090c,55,93
58,1,10,1,3,-1,ebd57f64,55,93
1,1,10,2,3,-1,ebd57f64,55,93
58,1,10,0,3,-1,ebd57f64,55,93
1,1,10,1,3,-1,ff25088b,55,93
1,1,10,0,3,-1,ff25088b,55,93
1,1,10,2,6,-1,61bdabec,55,93
4,1,10,99,6,-1,61bdabec,55,93
5,1,10,0,6,-1,61bdabec,55,93
6,1,10,1,6,-1,ff25088b,55,93
2,1,10,99,6,-1,ff25088b,55,93
8,1,10,0,6,-1,ff25088b,55,93
1,1,10,1,145,-1,47154162,55,93
4,1,10,1,145,-1,ebd57f64,55,93
2,1,10,1,145,-1,ff25088b,55,93
2,1,10,1,146,-1,ebd57f64,55,93
1,1,10,2,148,-1,ebd57f64,55,93
1,1,11,1,3,-1,,55,93
1,1,11,0,3,-1,,55,93
12,1,13,1,3,-1,,55,93
12,1,13,0,3,-1,,55,93
2,1,15,1,3,-1,,55,93
2,1,15,0,3,-1,,55,93
58,1,14,1,3,-1,,55,93
1,1,14,2,3,-1,,55,93
58,1,14,0,3,-1,,55,93
6,1,11,1,6,-1,,55,93
1,1,11,2,6,-1,,55,93
6,1,11,99,6,-1,,55,93
13,1,11,0,6,-1,,55,93
1,1,11,1,15,-1,,55,93
2,1,11,2,15,-1,,55,93
3,1,11,0,15,-1,,55,93
4,1,13,1,15,-1,,55,93
4,1,13,0,15,-1,,55,93
21,1,14,1,15,-1,,55,93
3,1,14,2,15,-1,,55,93
1,1,14,99,15,-1,,55,93
25,1,14,0,15,-1,,55,93
1,1,14,1,16,-1,,55,93
1,1,14,0,16,-1,,55,93
6,1,11,1,17,-1,,55,93
1,1,11,2,17,-1,,55,93
1,1,11,99,17,-1,,55,93
8,1,11,0,17,-1,,55,93
7,1,13,1,17,-1,,55,93
7,1,13,0,17,-1,,55,93
7,1,15,1,17,-1,,55,93
7,1,15,0,17,-1,,55,93
43,1,14,1,17,-1,,55,93
10,1,14,2,17,-1,,55,93
52,1,14,0,17,-1,,55,93
2,1,11,1,18,-1,,55,93
1,1,11,99,18,-1,,55,93
3,1,11,0,18,-1,,55,93
2,1,13,1,18,-1,,55,93
2,1,13,0,18,-1,,55,93
6,1,14,1,18,-1,,55,93
6,1,14,0,18,-1,,55,93
1,1,11,1,19,-1,,55,93
1,1,11,0,19,-1,,55,93
2,1,13,1,19,-1,,55,93
2,1,13,0,19,-1,,55,93
2,1,15,1,19,-1,,55,93
1,1,15,2,19,-1,,55,93
3,1,15,0,19,-1,,55,93
12,1,14,1,19,-1,,55,93
1,1,14,2,19,-1,,55,93
13,1,14,0,19,-1,,55,93
1,1,11,1,20,-1,,55,93
1,1,11,99,20,-1,,55,93
2,1,11,0,20,-1,,55,93
2,1,13,1,20,-1,,55,93
2,1,13,0,20,-1,,55,93
2,1,14,1,20,-1,,55,93
2,1,14,0,20,-1,,55,93
8,1,11,1,22,-1,,55,93
3,1,11,2,22,-1,,55,93
3,1,11,99,22,-1,,55,93
14,1,11,0,22,-1,,55,93
16,1,13,1,22,-1,,55,93
1,1,13,99,22,-1,,55,93
17,1,13,0,22,-1,,55,93
9,1,15,1,22,-1,,55,93
1,1,15,2,22,-1,,55,93
10,1,15,0,22,-1,,55,93
85,1,14,1,22,-1,,55,93
14,1,14,2,22,-1,,55,93
1,1,14,99,22,-1,,55,93
99,1,14,0,22,-1,,55,93
4,1,11,1,23,-1,,55,93
4,1,11,0,23,-1,,55,93
5,1,14,1,23,-1,,55,93
5,1,14,0,23,-1,,55,93
3,1,14,2,24,-1,,55,93
5,1,14,99,24,-1,,55,93
8,1,14,0,24,-1,,55,93
2,1,14,99,25,-1,,55,93
2,1,14,0,25,-1,,55,93
4,1,14,2,26,-1,,55,93
5,1,14,99,26,-1,,55,93
9,1,14,0,26,-1,,55,93
5,1,11,2,27,-1,,55,93
1,1,11,3,27,-1,,55,93
1,1,11,99,27,-1,,55,93
7,1,11,0,27,-1,,55,93
1,1,15,2,27,-1,,55,93
1,1,15,0,27,-1,,55,93
19,1,14,2,27,-1,,55,93
17,1,14,99,27,-1,,55,93
36,1,14,0,27,-1,,55,93
2,1,11,1,28,-1,,55,93
2,1,11,0,28,-1,,55,93
1,1,13,1,28,-1,,55,93
1,1,13,0,28,-1,,55,93
4,1,14,1,28,-1,,55,93
1,1,14,2,28,-1,,55,93
5,1,14,0,28,-1,,55,93
2,1,14,1,29,-1,,55,93
1,1,14,2,29,-1,,55,93
2,1,14,0,29,-1,,55,93
2,1,11,1,30,-1,,55,93
2,1,11,2,30,-1,,55,93
4,1,11,0,30,-1,,55,93
2,1,15,1,30,-1,,55,93
2,1,15,0,30,-1,,55,93
13,1,14,1,30,-1,,55,93
5,1,14,2,30,-1,,55,93
1,1,14,99,30,-1,,55,93
19,1,14,0,30,-1,,55,93
3,1,11,1,31,-1,,55,93
1,1,11,2,31,-1,,55,93
4,1,11,0,31,-1,,55,93
1,1,13,1,31,-1,,55,93
1,1,13,0,31,-1,,55,93
4,1,15,1,31,-1,,55,93
1,1,15,2,31,-1,,55,93
5,1,15,0,31,-1,,55,93
17,1,14,1,31,-1,,55,93
6,1,14,2,31,-1,,55,93
23,1,14,0,31,-1,,55,93
4,1,11,1,32,-1,,55,93
4,1,11,0,32,-1,,55,93
3,1,13,1,32,-1,,55,93
3,1,13,0,32,-1,,55,93
1,1,15,1,32,-1,,55,93
1,1,15,0,32,-1,,55,93
25,1,14,1,32,-1,,55,93
1,1,14,2,32,-1,,55,93
26,1,14,0,32,-1,,55,93
1,1,11,1,33,-1,,55,93
1,1,11,0,33,-1,,55,93
8,1,13,1,33,-1,,55,93
8,1,13,0,33,-1,,55,93
2,1,15,1,33,-1,,55,93
2,1,15,0,33,-1,,55,93
20,1,14,1,33,-1,,55,93
20,1,14,0,33,-1,,55,93
1,1,11,1,34,-1,,55,93
1,1,11,0,34,-1,,55,93
4,1,13,1,34,-1,,55,93
4,1,13,0,34,-1,,55,93
10,1,14,1,34,-1,,55,93
10,1,14,0,34,-1,,55,93
3,1,11,1,35,-1,,55,93
3,1,11,2,35,-1,,55,93
1,1,11,3,35,-1,,55,93
3,1,11,99,35,-1,,55,93
10,1,11,0,35,-1,,55,93
8,1,13,1,35,-1,,55,93
1,1,13,99,35,-1,,55,93
9,1,13,0,35,-1,,55,93
4,1,15,1,35,-1,,55,93
1,1,15,2,35,-1,,55,93
5,1,15,0,35,-1,,55,93
38,1,14,1,35,-1,,55,93
11,1,14,2,35,-1,,55,93
1,1,14,99,35,-1,,55,93
50,1,14,0,35,-1,,55,93
7,1,11,1,36,-1,,55,93
7,1,11,0,36,-1,,55,93
8,1,13,1,36,-1,,55,93
8,1,13,0,36,-1,,55,93
4,1,15,1,36,-1,,55,93
4,1,15,0,36,-1,,55,93
38,1,14,1,36,-1,,55,93
3,1,14,2,36,-1,,55,93
40,1,14,0,36,-1,,55,93
2,1,11,1,37,-1,,55,93
2,1,11,0,37,-1,,55,93
1,1,15,1,37,-1,,55,93
1,1,15,0,37,-1,,55,93
12,1,14,1,37,-1,,55,93
12,1,14,0,37,-1,,55,93
1,1,11,1,38,-1,,55,93
1,1,11,0,38,-1,,55,93
1,1,13,1,38,-1,,55,93
1,1,13,0,38,-1,,55,93
3,1,14,1,38,-1,,55,93
3,1,14,0,38,-1,,55,93
6,1,13,1,97,-1,,55,93
6,1,13,0,97,-1,,55,93
1,1,15,1,97,-1,,55,93
1,1,15,0,97,-1,,55,93
23,1,14,1,97,-1,,55,93
23,1,14,0,97,-1,,55,93
5,1,13,1,98,-1,,55,93
5,1,13,0,98,-1,,55,93
1,1,15,1,98,-1,,55,93
1,1,15,0,98,-1,,55,93
26,1,14,1,98,-1,,55,93
1,1,14,2,98,-1,,55,93
26,1,14,0,98,-1,,55,93
1,1,11,1,99,-1,,55,93
1,1,11,0,99,-1,,55,93
7,1,14,1,99,-1,,55,93
7,1,14,0,99,-1,,55,93
1,1,13,1,100,-1,,55,93
1,1,13,0,100,-1,,55,93
2,1,14,1,100,-1,,55,93
2,1,14,0,100,-1,,55,93
2,1,13,1,101,-1,,55,93
2,1,13,0,101,-1,,55,93
14,1,14,1,101,-1,,55,93
14,1,14,0,101,-1,,55,93
7,1,13,1,103,-1,,55,93
7,1,13,0,103,-1,,55,93
1,1,15,1,103,-1,,55,93
1,1,15,0,103,-1,,55,93
29,1,14,1,103,-1,,55,93
1,1,14,2,103,-1,,55,93
29,1,14,0,103,-1,,55,93
2,1,13,1,104,-1,,55,93
2,1,13,0,104,-1,,55,93
3,1,14,1,104,-1,,55,93
3,1,14,0,104,-1,,55,93
1,1,13,1,105,-1,,55,93
1,1,13,0,105,-1,,55,93
1,1,15,1,105,-1,,55,93
1,1,15,0,105,-1,,55,93
8,1,14,1,105,-1,,55,93
8,1,14,0,105,-1,,55,93
1,1,14,1,106,-1,,55,93
1,1,14,0,106,-1,,55,93
11,1,13,1,108,-1,,55,93
11,1,13,0,108,-1,,55,93
2,1,15,1,108,-1,,55,93
2,1,15,0,108,-1,,55,93
55,1,14,1,108,-1,,55,93
1,1,14,2,108,-1,,55,93
55,1,14,0,108,-1,,55,93
1,1,11,1,109,-1,,55,93
1,1,11,0,109,-1,,55,93
3,1,14,1,109,-1,,55,93
3,1,14,0,109,-1,,55,93
9,1,13,1,111,-1,,55,93
9,1,13,0,111,-1,,55,93
2,1,15,1,111,-1,,55,93
2,1,15,0,111,-1,,55,93
18,1,14,1,111,-1,,55,93
18,1,14,0,111,-1,,55,93
1,1,13,1,112,-1,,55,93
1,1,13,0,112,-1,,55,93
2,1,14,1,112,-1,,55,93
2,1,14,0,112,-1,,55,93
1,1,14,2,113,-1,,55,93
1,1,14,2,114,-1,,55,93
2,1,14,2,119,-1,,55,93
2,1,14,2,124,-1,,55,93
2,1,11,1,145,-1,,55,93
1,1,13,1,145,-1,,55,93
4,1,14,1,145,-1,,55,93
2,1,14,1,146,-1,,55,93
1,1,14,2,148,-1,,55,93
13,1,16,1,3,-1,,55,93
13,1,16,0,3,-1,,55,93
6,1,16,1,6,-1,,55,93
1,1,16,2,6,-1,,55,93
6,1,16,99,6,-1,,55,93
13,1,16,0,6,-1,,55,93
5,1,16,1,15,-1,,55,93
2,1,16,2,15,-1,,55,93
7,1,16,0,15,-1,,55,93
13,1,16,1,17,-1,,55,93
1,1,16,2,17,-1,,55,93
1,1,16,99,17,-1,,55,93
15,1,16,0,17,-1,,55,93
4,1,16,1,18,-1,,55,93
1,1,16,99,18,-1,,55,93
5,1,16,0,18,-1,,55,93
3,1,16,1,19,-1,,55,93
3,1,16,0,19,-1,,55,93
3,1,16,1,20,-1,,55,93
1,1,16,99,20,-1,,55,93
4,1,16,0,20,-1,,55,93
24,1,16,1,22,-1,,55,93
3,1,16,2,22,-1,,55,93
4,1,16,99,22,-1,,55,93
31,1,16,0,22,-1,,55,93
4,1,16,1,23,-1,,55,93
4,1,16,0,23,-1,,55,93
5,1,16,2,27,-1,,55,93
1,1,16,3,27,-1,,55,93
1,1,16,99,27,-1,,55,93
7,1,16,0,27,-1,,55,93
3,1,16,1,28,-1,,55,93
3,1,16,0,28,-1,,55,93
2,1,16,1,30,-1,,55,93
2,1,16,2,30,-1,,55,93
4,1,16,0,30,-1,,55,93
4,1,16,1,31,-1,,55,93
1,1,16,2,31,-1,,55,93
5,1,16,0,31,-1,,55,93
7,1,16,1,32,-1,,55,93
7,1,16,0,32,-1,,55,93
9,1,16,1,33,-1,,55,93
9,1,16,0,33,-1,,55,93
5,1,16,1,34,-1,,55,93
5,1,16,0,34,-1,,55,93
11,1,16,1,35,-1,,55,93
3,1,16,2,35,-1,,55,93
1,1,16,3,35,-1,,55,93
4,1,16,99,35,-1,,55,93
19,1,16,0,35,-1,,55,93
15,1,16,1,36,-1,,55,93
15,1,16,0,36,-1,,55,93
2,1,16,1,37,-1,,55,93
2,1,16,0,37,-1,,55,93
2,1,16,1,38,-1,,55,93
2,1,16,0,38,-1,,55,93
6,1,16,1,97,-1,,55,93
6,1,16,0,97,-1,,55,93
5,1,16,1,98,-1,,55,93
5,1,16,0,98,-1,,55,93
1,1,16,1,99,-1,,55,93
1,1,16,0,99,-1,,55,93
1,1,16,1,100,-1,,55,93
1,1,16,0,100,-1,,55,93
2,1,16,1,101,-1,,55,93
2,1,16,0,101,-1,,55,93
7,1,16,1,103,-1,,55,93
7,1,16,0,103,-1,,55,93
2,1,16,1,104,-1,,55,93
2,1,16,0,104,-1,,55,93
1,1,16,1,105,-1,,55,93
1,1,16,0,105,-1,,55,93
11,1,16,1,108,-1,,55,93
11,1,16,0,108,-1,,55,93
1,1,16,1,109,-1,,55,93
1,1,16,0,109,-1,,55,93
9,1,16,1,111,-1,,55,93
9,1,16,0,111,-1,,55,93
1,1,16,1,112,-1,,55,93
1,1,16,0,112,-1,,55,93
3,1,16,1,145,-1,,55,93
4,20,10,0,0,-1,4888a5e1,60,93
57,20,10,0,0,-1,4888a5e1,61,93
1,1,10,0,0,-1,ff25088b,62,93