ProjectCoCID,ProjectID,CoCCode,Geocode,Address1,Address2,City,State,ZIP,GeographyType,DateCreated,DateUpdated,UserID,DateDeleted,ExportID
12797b68,ff25088b,XX-500,391062,123 Anywhere Ave.,,Anytown,XX,12345,2,2021-02-13 12:02:00,2021-02-13 12:02:00,,,93
4f7ae3ce,ebd57f64,XX-500,391062,365 Apple Road,,Anytown,XX,12345,2,2021-02-13 12:02:00,2021-02-13 12:02:00,,,93
95a4da9d,cab04cc2,XX-500,391062,2134 Alpine Pl.,,Anytown,XX,12345,2,2021-02-13 12:02:00,2021-02-13 12:02:00,,,93
9bb4d91d,61bdabec,XX-500,391062,2134 Alpine Pl.,,Anytown,XX,12345,2,2021-02-13 12:02:00,2021-02-13 12:02:00,,,93
334b2b40,227f4557,XX-500,391062,2134 Alpine Pl.,,Anytown,XX,12345,2,2021-02-13 12:02:00,2021-02-13 12:02:00,,,93
8892e5a5,47154162,XX-500,391062,123 Anywhere Ave.,,Anytown,XX,12345,2,2021-02-13 12:02:00,2021-02-13 12:02:00,,,93
53310927,4888a5e1,XX-500,391062,123 Main St.,,Anytown,XX,12345,2,2021-02-13 12:02:00,2021-02-13 12:02:00,,,93
98a44923,d233090c,XX-500,391062,123 Anywhere Ave.,,Anytown,XX,12345,2,2021-02-13 12:02:00,2021-02-13 12:02:00,,,93