ProjectID,OrganizationID,ProjectName,ProjectCommonName,OperatingStartDate,OperatingEndDate,ContinuumProject,ProjectType,HousingType,ResidentialAffiliation,TrackingMethod,HMISParticipatingProject,TargetPopulation,PITCount,DateCreated,DateUpdated,UserID,DateDeleted,ExportID
"1098c370","d04c3ad1","",,"",,,,,,,,,,"","",,,12345
"2d955398","d04c3ad1","",,"",,,,,,,,,,"","",,,12345
"2ff327bb","d04c3ad1","",,"",,,,,,,,,,"","",,,12345
"339da772","d04c3ad1","",,"",,,,,,,,,,"","",,,12345
"3c21b121","d04c3ad1","",,"",,,,,,,,,,"","",,,12345
"60b3bdd0","d04c3ad1","",,"",,,,,,,,,,"","",,,12345
"773fa99b","d04c3ad1","",,"",,,,,,,,,,"","",,,12345
"7a406cc1","d04c3ad1","",,"",,,,,,,,,,"","",,,12345