Income change by income category,Had income category at entry and did not have it at followup,Retained income category but had less $ at follow-up than at entry,Retained income category and same $ at follow-up as at entry,Retained income category and increased $ at followup,Did not have the income category at entry and gained the income category at follow-up,Did not have the income category at entry or follow-up,Total adults (including those with no income),Performance measures: Adults who gained or increased income from entry to followup;Average gain,Percent
 1. Number of adults with earned income,0,0,0,0,0,0,0,0,0
 2.Average change in earned income,0,0,0,0,0,0,0,0,0
 3.Number of adults with other income,0,0,0,0,0,0,0,0,0
 4.Average change in other income,0,0,0,0,0,0,0,0,0
 5.Number of adults with any income,0,0,0,0,0,0,0,0,0
 6.Average change in overall income,0,0,0,0,0,0,0,0,0
