ProjectID,OrganizationID,ProjectName,ProjectCommonName,OperatingStartDate,OperatingEndDate,ContinuumProject,ProjectType,HousingType,ResidentialAffiliation,TrackingMethod,HMISParticipatingProject,TargetPopulation,PITCount,DateCreated,DateUpdated,UserID,DateDeleted,ExportID
8157d99a,440a7cc9,APR - RRH,,2017-01-01,,1,13,3,,,0,4,,2020-12-01 03:12:20,2020-12-01 03:12:20,,,12345
8196a117,440a7cc9,APR - Emergency Shelter NBN,,2012-10-01,,1,1,2,,3,0,4,,2020-12-01 03:12:20,2020-12-01 03:12:20,,,12345
864ef9c2,440a7cc9,APR - Emergency Shelter 3,,2010-01-01,,1,1,1,,0,0,4,,2020-12-01 03:12:20,2020-12-01 03:12:20,,,12345
b65dbeda,440a7cc9,APR - Transitional Housing,,2010-01-01,,1,2,1,,,0,4,,2020-12-01 03:12:20,2020-12-01 03:12:20,,,12345
cd2ba103,440a7cc9,APR - Emergency Shelter / SSO,,2010-01-01,,1,1,1,,0,0,4,,2020-12-01 03:12:20,2020-12-01 03:12:20,,,12345
d1f4db41,440a7cc9,APR - Emergency Shelter 2,,2010-01-01,,1,1,1,,0,0,3,,2020-12-01 03:12:20,2020-12-01 03:12:20,,,12345
dcf7ef05,440a7cc9,APR - Permanent Housing,,2010-01-01,,1,3,3,,,0,4,,2020-12-01 03:12:20,2020-12-01 03:12:20,,,12345
fdf9dfc9,440a7cc9,APR - RRH 2,,2010-01-01,,1,13,1,,,0,4,,2020-12-01 03:12:20,2020-12-01 03:12:20,,,12345