ProjectCoCID,ProjectID,CoCCode,Geocode,Address1,Address2,City,State,ZIP,GeographyType,DateCreated,DateUpdated,UserID,DateDeleted,ExportID
a7b83bdc,cd2ba103,XX-500,391062,123 Anywhere Ave.,,Anytown,XX,12345,2,2020-12-01 12:12:00,2020-12-01 12:12:00,,,12345
17b422ad,8157d99a,XX-500,391062,365 Apple Road,,Anytown,XX,12345,2,2020-12-01 12:12:00,2020-12-01 12:12:00,,,12345
999222ea,fdf9dfc9,XX-500,391062,2134 Alpine Pl.,,Anytown,XX,12345,2,2020-12-01 12:12:00,2020-12-01 12:12:00,,,12345
4093206c,d1f4db41,XX-500,391062,2134 Alpine Pl.,,Anytown,XX,12345,2,2020-12-01 12:12:00,2020-12-01 12:12:00,,,12345
9342b2dd,864ef9c2,XX-500,391062,2134 Alpine Pl.,,Anytown,XX,12345,2,2020-12-01 12:12:00,2020-12-01 12:12:00,,,12345
91640eef,b65dbeda,XX-500,391062,123 Anywhere Ave.,,Anytown,XX,12345,2,2020-12-01 12:12:00,2020-12-01 12:12:00,,,12345
d84d2cf7,8196a117,XX-500,391062,123 Main St.,,Anytown,XX,12345,2,2020-12-01 12:12:00,2020-12-01 12:12:00,,,12345
068c24ae,dcf7ef05,XX-500,391062,123 Anywhere Ave.,,Anytown,XX,12345,2,2020-12-01 12:12:00,2020-12-01 12:12:00,,,12345