ProjectID,OrganizationID,ProjectName,ProjectCommonName,OperatingStartDate,OperatingEndDate,ContinuumProject,ProjectType,HousingType,ResidentialAffiliation,TrackingMethod,HMISParticipatingProject,TargetPopulation,PITCount,DateCreated,DateUpdated,UserID,DateDeleted,ExportID
"1098c370-b5e2-4c04-aa14-99d0668147e8","d04c3ad1-4cab-47aa-bcf8-79336614de83","APR - Emergency Shelter / SSO",,"yyyy-01-dd",,1,1,1,,0,1,4,,"yyyy-06-dd 02:mm:02","yyyy-06-dd 02:mm:02",,,12345
"2d955398-3e16-415a-8e82-767e45e895f4","d04c3ad1-4cab-47aa-bcf8-79336614de83","APR - Transitional Housing",,"yyyy-01-dd",,1,2,1,,,1,4,,"yyyy-06-dd 02:mm:02","yyyy-06-dd 02:mm:02",,,12345
"2ff327bb-6ee9-40fc-a309-16f87d063a19","d04c3ad1-4cab-47aa-bcf8-79336614de83","APR - Emergency Shelter 3",,"yyyy-01-dd",,1,1,1,,0,1,4,,"yyyy-06-dd 02:mm:02","yyyy-06-dd 02:mm:02",,,12345
"339da772-a8b2-4c8c-a80b-ce38098b6959","d04c3ad1-4cab-47aa-bcf8-79336614de83","APR - Permanent Housing",,"yyyy-01-dd",,1,3,3,,,1,4,,"yyyy-06-dd 02:mm:02","yyyy-06-dd 02:mm:02",,,12345
"3c21b121-4ec6-457f-9a92-e887ff2aea88","d04c3ad1-4cab-47aa-bcf8-79336614de83","APR - RRH",,"yyyy-01-dd",,1,13,3,,,1,4,,"yyyy-06-dd 02:mm:02","yyyy-06-dd 02:mm:02",,,12345
"60b3bdd0-47b5-4984-9406-1b46cdeb3cd6","d04c3ad1-4cab-47aa-bcf8-79336614de83","APR - RRH 2",,"yyyy-01-dd",,1,13,1,,,1,4,,"yyyy-06-dd 02:mm:02","yyyy-06-dd 02:mm:02",,,12345
"773fa99b-9fd5-475d-8443-e77af5031272","d04c3ad1-4cab-47aa-bcf8-79336614de83","APR - Emergency Shelter 2",,"yyyy-01-dd",,1,1,1,,0,1,3,,"yyyy-06-dd 02:mm:02","yyyy-06-dd 02:mm:02",,,12345
"7a406cc1-100c-4437-88e1-f6dec73d28d4","d04c3ad1-4cab-47aa-bcf8-79336614de83","APR - Emergency Shelter NBN",,"yyyy-10-dd",,1,1,2,,3,1,4,,"yyyy-06-dd 02:mm:02","yyyy-06-dd 02:mm:02",,,12345