Category,Number of adults at entry,Number of adults at follow-up (stayers),Number of adults at exit (leavers)
  a. Adults with only earned income,0,0,0
  b. Adults with only other income,0,0,0
  c. Adults with both earned and other income,0,0,0
  d. Adults with no income,0,0,0
 e. Adults with Client Doesn't Know/Client Refused income information,0,0,0
  f. Adults with missing income information,0,0,0
   g. Number of adult stayers not yet required to have an annual assessment,0,0,0
  h. Number of adult stayers without required annual assessment,0,0,0
  i. Total adults,0,0,0
