Income change by income category,Had income category at entry and did not have it at followup/exit,Retained income category but had less $ at followup/exit than at entry,Retained income category and same $ at followup/exit as at entry,Retained income category and increased $ at followup/exit,Did not have the income category at entry and gained the income category at followup/exit,Did not have the income category at entry or followup/exit,Total adults (including those with no income),Performance measures: Adults who gained or increased income from entry to followup/exit; Average gain,Percent
 1.Number of adults with earned income,0,0,0,0,0,0,0,0,0
 2. Average change in earned income,0,0,0,0,0,0,0,0,0
 3.Number of adults with other income,0,0,0,0,0,0,0,0,0
 4.Average change in other income,0,0,0,0,0,0,0,0,0
 5.Number of adults with any income,0,0,0,0,0,0,0,0,0
 6.Average change in overall income,0,0,0,0,0,0,0,0,0
