ExitID,EnrollmentID,PersonalID,ExitDate,Destination,OtherDestination,HousingAssessment,SubsidyInformation,ProjectCompletionStatus,EarlyExitReason,ExchangeForSex,ExchangeForSexPastThreeMonths,CountOfExchangeForSex,AskedOrForcedToExchangeForSex,AskedOrForcedToExchangeForSexPastThreeMonths,WorkplaceViolenceThreats,WorkplacePromiseDifference,CoercedToContinueWork,LaborExploitPastThreeMonths,CounselingReceived,IndividualCounseling,FamilyCounseling,GroupCounseling,SessionCountAtExit,PostExitCounselingPlan,SessionsInPlan,DestinationSafeClient,DestinationSafeWorker,PosAdultConnections,PosPeerConnections,PosCommunityConnections,AftercareDate,AftercareProvided,EmailSocialMedia,Telephone,InPersonIndividual,InPersonGroup,CMExitReason,DateCreated,DateUpdated,UserID,DateDeleted,ExportID
7cca9908-be73-4d60-afbf-524dd4cb57c1,391a9342-20aa-46e5-9e88-9a84197386dc,74b703c2-0272-4abd-8f26-5ed74335f40e,2016-11-16T00:00,17,Hotel Training Program,,,,,,,,,,,,,,,,,,,,,,,,,,,,,,,,,2019-10-01T12:57:58.117,2019-10-01T12:57:58.117,,,
7cca9908-be73-4d60-afbf-524dd4cb57c1,391a9342-20aa-46e5-9e88-9a84197386dc,74b703c2-0272-4abd-8f26-5ed74335f40e,2016-11-16T00:00,17,Hotel Training Program,6,2,,,,,,,,,,,,,,,,,,,,,,,,,,,,,,,2019-10-01T12:58:09.564,2019-10-01T12:58:09.564,,,
7cca9908-be73-4d60-afbf-524dd4cb57c1,391a9342-20aa-46e5-9e88-9a84197386dc,74b703c2-0272-4abd-8f26-5ed74335f40e,2016-11-16T00:00,17,Hotel Training Program,,,3,2,,,,,,,,,,,,,,,,,,,,,,,,,,,,,2019-10-01T12:58:10.780,2019-10-01T12:58:10.780,,,
7cca9908-be73-4d60-afbf-524dd4cb57c1,391a9342-20aa-46e5-9e88-9a84197386dc,74b703c2-0272-4abd-8f26-5ed74335f40e,2016-11-16T00:00,17,Hotel Training Program,,,,,,,,,,,,,,,,,,,,,,,,,,,,,,,,99,2019-10-01T12:58:11.517,2019-10-01T12:58:11.517,,,
cf2c0e9e-b557-4ea2-93ed-6914d801ec78,40a2cb74-59c5-4873-b7ab-d9d9254c8123,74b703c2-0272-4abd-8f26-5ed74335f40e,2016-11-16T00:00,22,,,,,,,,,,,,,,,,,,,,,,,,,,,,,,,,,,2019-10-01T12:57:58.342,2019-10-01T12:57:58.342,,,
