IncomeBenefitsID,EnrollmentID,PersonalID,InformationDate,IncomeFromAnySource,TotalMonthlyIncome,Earned,EarnedAmount,Unemployment,UnemploymentAmount,SSI,SSIAmount,SSDI,SSDIAmount,VADisabilityService,VADisabilityServiceAmount,VADisabilityNonService,VADisabilityNonServiceAmount,PrivateDisability,PrivateDisabilityAmount,WorkersComp,WorkersCompAmount,TANF,TANFAmount,GA,GAAmount,SocSecRetirement,SocSecRetirementAmount,Pension,PensionAmount,ChildSupport,ChildSupportAmount,Alimony,AlimonyAmount,OtherIncomeSource,OtherIncomeAmount,OtherIncomeSourceIdentify,BenefitsFromAnySource,SNAP,WIC,TANFChildCare,TANFTransportation,OtherTANF,OtherBenefitsSource,OtherBenefitsSourceIdentify,InsuranceFromAnySource,Medicaid,NoMedicaidReason,Medicare,NoMedicareReason,SCHIP,NoSCHIPReason,VAMedicalServices,NoVAMedReason,EmployerProvided,NoEmployerProvidedReason,COBRA,NoCOBRAReason,PrivatePay,NoPrivatePayReason,StateHealthIns,NoStateHealthInsReason,IndianHealthServices,NoIndianHealthServicesReason,OtherInsurance,OtherInsuranceIdentify,HIVAIDSAssistance,NoHIVAIDSAssistanceReason,ADAP,NoADAPReason,ConnectionWithSOAR,DataCollectionStage,DateCreated,DateUpdated,UserID,DateDeleted,ExportID
bba238e1-c2ce-42e5-b7e9-2cf99fcbaf67,391a9342-20aa-46e5-9e88-9a84197386dc,74b703c2-0272-4abd-8f26-5ed74335f40e,2019-07-15T04:00,1,1889.22,1,,1,315.87,1,2885.09,1,2885.09,1,5642.48,1,6847.91,1,11484.77,1,8951855.0,1,9.6341286E8,1,15254.55,1,4784.72,1,7865.32,1,562.4,1,1121.76,1,0.0,some other source here,,,,,,,,,,,,,,,,,,,,,,,,,,,,,,,,,,,1,2019-10-01T12:58:04.341,2019-10-01T12:58:04.341,,,
18a98b39-12d0-4638-9e9d-0c4785e02216,391a9342-20aa-46e5-9e88-9a84197386dc,74b703c2-0272-4abd-8f26-5ed74335f40e,2019-05-03T04:00,,,,,,,,,,,,,,,,,,,,,,,,,,,,,,,,,,1,0,0,0,0,0,,,,,,,,,,,,,,,,,,,,,,,,,,,,,1,2019-10-01T12:58:06.389,2019-10-01T12:58:06.389,,,
888af52a-8871-4bfa-88c3-a4d96471d09e,391a9342-20aa-46e5-9e88-9a84197386dc,74b703c2-0272-4abd-8f26-5ed74335f40e,2019-11-21T05:00,8,,,,,,,,,,,,,,,,,,,,,,,,,,,,,,,,,,,,,,,,,,0,1,0,4,0,3,0,99,0,9,0,9,0,8,0,4,0,9,1,,,,,,,1,2019-10-01T12:58:02.001,2019-10-01T12:58:02.001,,,
6893e469-5f6c-40cb-ad8d-a9c9cb3aa443,391a9342-20aa-46e5-9e88-9a84197386dc,74b703c2-0272-4abd-8f26-5ed74335f40e,2019-11-21T05:00,8,,,,,,,,,,,,,,,,,,,,,,,,,,,,,,,,,,,,,,,,,,0,1,0,4,0,3,0,99,0,9,0,9,0,8,0,4,,,,,,,,,,1,2019-10-01T12:58:02.291,2019-10-01T12:58:02.291,,,
5230d98e-c670-48fa-9f9f-ce8528bb33fa,391a9342-20aa-46e5-9e88-9a84197386dc,74b703c2-0272-4abd-8f26-5ed74335f40e,2019-11-21T05:00,,,,,,,,,,,,,,,,,,,,,,,,,,,,,,,,,,,,,,,,,,,,,,,,,,,,,,,,,,,,,,,8,,0,9,,1,2019-10-01T12:58:05.263,2019-10-01T12:58:05.263,,,
