{
   "Clients":{
      "pagination":{
         "from":0,
         "returned":27,
         "total":30,
         "maximum":30,
         "sort":{

         }
      },
      "clients":[
         {
            "clientId":"e7f87b3b-9282-4031-af3f-34bebc2c6cbf",
            "firstName":"First Name                                        ",
            "middleName":"Middle Name                                       ",
            "lastName":"LAST NAME                                         ",
            "nameSuffix":"NS                                                ",
            "nameDataQuality":1,
            "ssn":"ssn      ",
            "ssnDataQuality":1,
            "dob":1459517834983,
            "dobDataQuality":1,
            "race":1,
            "ethnicity":1,
            "gender":1,
            "otherGender":"Test"
         },
         {
            "clientId":"bb1c4869-52af-4b4f-a9b6-a48f93c35294",
            "firstName":"First Name                                        ",
            "middleName":"Middle Name                                       ",
            "lastName":"LAST NAME                                         ",
            "nameSuffix":"NS                                                ",
            "nameDataQuality":1,
            "ssn":"ssn      ",
            "ssnDataQuality":1,
            "dob":1459517834983,
            "dobDataQuality":1,
            "race":1,
            "ethnicity":1,
            "gender":1,
            "otherGender":"Test",
            "veteranStatus":"8"
         },
         {
            "clientId":"2e31aed0-eb42-484d-9b42-8395b65a9ac7",
            "firstName":"First Name                                        ",
            "middleName":"Middle Name                                       ",
            "lastName":"LAST NAME                                         ",
            "nameSuffix":"NS                                                ",
            "nameDataQuality":1,
            "ssn":"ssn      ",
            "ssnDataQuality":1,
            "dob":1459517834983,
            "dobDataQuality":1,
            "race":1,
            "ethnicity":1,
            "gender":1,
            "otherGender":"Test",
            "veteranStatus":"8"
         },
         {
            "clientId":"edf4594b-8a89-4ee9-b5dc-3e7dd3374c8f",
            "firstName":"First Name                                        ",
            "middleName":"Middle Name                                       ",
            "lastName":"LAST NAME                                         ",
            "nameSuffix":"NS                                                ",
            "nameDataQuality":1,
            "ssn":"ssn      ",
            "ssnDataQuality":1,
            "dob":1459517834983,
            "dobDataQuality":1,
            "race":1,
            "ethnicity":1,
            "gender":1,
            "otherGender":"Test",
            "veteranStatus":"8"
         },
         {
            "clientId":"bb8aaad7-a99f-4ae6-896e-cdd40ba64947",
            "firstName":"First Name                                        ",
            "middleName":"Middle Name                                       ",
            "lastName":"LAST NAME                                         ",
            "nameSuffix":"NS                                                ",
            "nameDataQuality":1,
            "ssn":"ssn      ",
            "ssnDataQuality":1,
            "dob":1459517834983,
            "dobDataQuality":1,
            "race":1,
            "ethnicity":1,
            "gender":1,
            "otherGender":"Test",
            "veteranStatus":"8"
         },
         {
            "clientId":"08866dac-550a-4fbd-a8b3-014be6062ee7",
            "firstName":"First Name                                        ",
            "middleName":"Middle Name                                       ",
            "lastName":"LAST NAME                                         ",
            "nameSuffix":"NS                                                ",
            "nameDataQuality":1,
            "ssn":"ssn      ",
            "ssnDataQuality":1,
            "dob":1459517834983,
            "dobDataQuality":1,
            "race":1,
            "ethnicity":1,
            "gender":1,
            "otherGender":"Test",
            "veteranStatus":"8"
         },
         {
            "clientId":"38f2fddd-77b2-495e-a811-2acd179647e2",
            "firstName":"First Name                                        ",
            "middleName":"Middle Name                                       ",
            "lastName":"LAST NAME                                         ",
            "nameSuffix":"NS                                                ",
            "nameDataQuality":1,
            "ssn":"ssn      ",
            "ssnDataQuality":1,
            "dob":1459517834983,
            "dobDataQuality":1,
            "race":1,
            "ethnicity":1,
            "gender":1,
            "otherGender":"Test",
            "veteranStatus":"8"
         },
         {
            "clientId":"0d11a403-4fb3-4499-ac00-972a5a2b01f4",
            "firstName":"First Name                                        ",
            "middleName":"Middle Name                                       ",
            "lastName":"LAST NAME                                         ",
            "nameSuffix":"NS                                                ",
            "nameDataQuality":1,
            "ssn":"ssn      ",
            "ssnDataQuality":1,
            "dob":1459517834983,
            "dobDataQuality":1,
            "race":1,
            "ethnicity":1,
            "gender":1,
            "otherGender":"Test",
            "veteranStatus":"8"
         },
         {
            "clientId":"f287fa45-18a6-4a58-9920-86eebcaaec51",
            "firstName":"First Name                                        ",
            "middleName":"Middle Name                                       ",
            "lastName":"LAST NAME                                         ",
            "nameSuffix":"NS                                                ",
            "nameDataQuality":1,
            "ssn":"ssn      ",
            "ssnDataQuality":1,
            "dob":1459517834983,
            "dobDataQuality":1,
            "race":1,
            "ethnicity":1,
            "gender":1,
            "otherGender":"Test",
            "veteranStatus":"8"
         },
         {
            "clientId":"0e49d4d9-47c5-48e2-9e22-5af69cde170d",
            "firstName":"First Name                                        ",
            "middleName":"Middle Name                                       ",
            "lastName":"LAST NAME                                         ",
            "nameSuffix":"NS                                                ",
            "nameDataQuality":1,
            "ssn":"ssn      ",
            "ssnDataQuality":1,
            "dob":1459517834983,
            "dobDataQuality":1,
            "race":1,
            "ethnicity":1,
            "gender":1,
            "otherGender":"Test",
            "veteranStatus":"8"
         },
         {
            "clientId":"66fda917-cfcf-4f88-b139-bde5ec7c39c4",
            "firstName":"First Name                                        ",
            "middleName":"Middle Name                                       ",
            "lastName":"LAST NAME                                         ",
            "nameSuffix":"NS                                                ",
            "nameDataQuality":1,
            "ssn":"ssn      ",
            "ssnDataQuality":1,
            "dob":1459517834983,
            "dobDataQuality":1,
            "race":1,
            "ethnicity":1,
            "gender":1,
            "otherGender":"Test",
            "veteranStatus":"8"
         },
         {
            "clientId":"8ca80f0d-ffa5-47e3-adc7-551319734e7c",
            "firstName":"First Name                                        ",
            "middleName":"Middle Name                                       ",
            "lastName":"LAST NAME                                         ",
            "nameSuffix":"NS                                                ",
            "nameDataQuality":1,
            "ssn":"ssn      ",
            "ssnDataQuality":1,
            "dob":1459517834983,
            "dobDataQuality":1,
            "race":1,
            "ethnicity":1,
            "gender":1,
            "otherGender":"Test",
            "veteranStatus":"8"
         },
         {
            "clientId":"5f9a3fb7-c67a-4463-a04b-a694a9a76408",
            "firstName":"First Name                                        ",
            "middleName":"Middle Name                                       ",
            "lastName":"LAST NAME                                         ",
            "nameSuffix":"NS                                                ",
            "nameDataQuality":1,
            "ssn":"ssn      ",
            "ssnDataQuality":1,
            "dob":1459517834983,
            "dobDataQuality":1,
            "race":1,
            "ethnicity":1,
            "gender":1,
            "otherGender":"Test",
            "veteranStatus":"8"
         },
         {
            "clientId":"efc74f68-7615-49cc-8ac1-1c955680119c",
            "firstName":"First Name                                        ",
            "middleName":"Middle Name                                       ",
            "lastName":"LAST NAME                                         ",
            "nameSuffix":"NS                                                ",
            "nameDataQuality":1,
            "ssn":"ssn      ",
            "ssnDataQuality":1,
            "dob":1459517834983,
            "dobDataQuality":1,
            "race":1,
            "ethnicity":1,
            "gender":1,
            "otherGender":"Test",
            "veteranStatus":"8"
         },
         {
            "clientId":"661d939f-4b12-4342-9c5a-f08a678a8374",
            "firstName":"First Name                                        ",
            "middleName":"Middle Name                                       ",
            "lastName":"LAST NAME                                         ",
            "nameSuffix":"NS                                                ",
            "nameDataQuality":1,
            "ssn":"ssn      ",
            "ssnDataQuality":1,
            "dob":1459517834983,
            "dobDataQuality":1,
            "race":1,
            "ethnicity":1,
            "gender":1,
            "otherGender":"Test",
            "veteranStatus":"8"
         },
         {
            "clientId":"d16413ba-9720-4434-a49e-3533bfd41136",
            "firstName":"First Name                                        ",
            "middleName":"Middle Name                                       ",
            "lastName":"LAST NAME                                         ",
            "nameSuffix":"NS                                                ",
            "nameDataQuality":1,
            "ssn":"ssn      ",
            "ssnDataQuality":1,
            "dob":1459517834983,
            "dobDataQuality":1,
            "race":1,
            "ethnicity":1,
            "gender":1,
            "otherGender":"Test",
            "veteranStatus":"8"
         },
         {
            "clientId":"e2986e53-6030-44e9-b0d0-297a13240813",
            "firstName":"First Name                                        ",
            "middleName":"Middle Name                                       ",
            "lastName":"LAST NAME                                         ",
            "nameSuffix":"NS                                                ",
            "nameDataQuality":1,
            "ssn":"ssn      ",
            "ssnDataQuality":1,
            "dob":1459517834983,
            "dobDataQuality":1,
            "race":1,
            "ethnicity":1,
            "gender":1,
            "otherGender":"Test",
            "veteranStatus":"8"
         },
         {
            "clientId":"1f2948fa-29bb-46e5-ab36-92bcd275de03",
            "firstName":"First Name                                        ",
            "middleName":"Middle Name                                       ",
            "lastName":"LAST NAME                                         ",
            "nameSuffix":"NS                                                ",
            "nameDataQuality":1,
            "ssn":"ssn      ",
            "ssnDataQuality":1,
            "dob":1459517834983,
            "dobDataQuality":1,
            "race":1,
            "ethnicity":1,
            "gender":1,
            "otherGender":"Test",
            "veteranStatus":"8"
         },
         {
            "clientId":"0c8e307b-b5b8-4bab-883f-3408f3873462",
            "firstName":"First Name                                        ",
            "middleName":"Middle Name                                       ",
            "lastName":"LAST NAME                                         ",
            "nameSuffix":"NS                                                ",
            "nameDataQuality":1,
            "ssn":"ssn      ",
            "ssnDataQuality":1,
            "dob":1459517834983,
            "dobDataQuality":1,
            "race":1,
            "ethnicity":1,
            "gender":1,
            "otherGender":"Test",
            "veteranStatus":"8"
         },
         {
            "clientId":"c1100500-de73-4463-a554-718820a37915",
            "firstName":"First Name                                        ",
            "middleName":"Middle Name                                       ",
            "lastName":"LAST NAME                                         ",
            "nameSuffix":"NS                                                ",
            "nameDataQuality":1,
            "ssn":"ssn      ",
            "ssnDataQuality":1,
            "dob":1459517834983,
            "dobDataQuality":1,
            "race":1,
            "ethnicity":1,
            "gender":1,
            "otherGender":"Test",
            "veteranStatus":"8"
         },
         {
            "clientId":"b4622cdc-22a2-4420-8477-265187f3b9dd",
            "firstName":"First Name                                        ",
            "middleName":"Middle Name                                       ",
            "lastName":"LAST NAME                                         ",
            "nameSuffix":"NS                                                ",
            "nameDataQuality":1,
            "ssn":"ssn      ",
            "ssnDataQuality":1,
            "dob":1459517834983,
            "dobDataQuality":1,
            "race":1,
            "ethnicity":1,
            "gender":1,
            "otherGender":"Test",
            "veteranStatus":"8"
         },
         {
            "clientId":"7c7243af-025e-4199-8e02-bd3927928de4",
            "firstName":"First Name                                        ",
            "middleName":"Middle Name                                       ",
            "lastName":"LAST NAME                                         ",
            "nameSuffix":"NS                                                ",
            "nameDataQuality":1,
            "ssn":"ssn      ",
            "ssnDataQuality":1,
            "dob":1459517834983,
            "dobDataQuality":1,
            "race":1,
            "ethnicity":1,
            "gender":1,
            "otherGender":"Test",
            "veteranStatus":"8"
         },
         {
            "clientId":"0c2ae842-d921-4227-9efd-c3ae62b96d20",
            "firstName":"First Name                                        ",
            "middleName":"Middle Name                                       ",
            "lastName":"LAST NAME                                         ",
            "nameSuffix":"NS                                                ",
            "nameDataQuality":1,
            "ssn":"ssn      ",
            "ssnDataQuality":1,
            "dob":1459517834983,
            "dobDataQuality":1,
            "race":1,
            "ethnicity":1,
            "gender":1,
            "otherGender":"Test",
            "veteranStatus":"8"
         },
         {
            "clientId":"b17fcdaf-6dda-4000-bde7-3db95c8755a8",
            "firstName":"First Name                                        ",
            "middleName":"Middle Name                                       ",
            "lastName":"LAST NAME                                         ",
            "nameSuffix":"NS                                                ",
            "nameDataQuality":1,
            "ssn":"ssn      ",
            "ssnDataQuality":1,
            "dob":1459517834983,
            "dobDataQuality":1,
            "race":1,
            "ethnicity":1,
            "gender":1,
            "otherGender":"Test",
            "veteranStatus":"8"
         },
         {
            "clientId":"50eb5b7e-06fd-4f53-90af-017d0e861ee4",
            "firstName":"First Name                                        ",
            "middleName":"Middle Name                                       ",
            "lastName":"LAST NAME                                         ",
            "nameSuffix":"NS                                                ",
            "nameDataQuality":1,
            "ssn":"ssn      ",
            "ssnDataQuality":1,
            "dob":1459517834983,
            "dobDataQuality":1,
            "race":1,
            "ethnicity":1,
            "gender":1,
            "otherGender":"Test",
            "veteranStatus":"8"
         },
         {
            "clientId":"23d55e1f-6764-493c-9e8c-f861a394dd60",
            "firstName":"First Name                                        ",
            "middleName":"Middle Name                                       ",
            "lastName":"LAST NAME                                         ",
            "nameSuffix":"NS                                                ",
            "nameDataQuality":1,
            "ssn":"ssn      ",
            "ssnDataQuality":1,
            "dob":1459517834983,
            "dobDataQuality":1,
            "race":1,
            "ethnicity":1,
            "gender":1,
            "otherGender":"Test",
            "veteranStatus":"8"
         },
         {
            "clientId":"db9a1324-c305-4e4f-bb6e-d0243aeafdd8",
            "firstName":"First Name                                        ",
            "middleName":"Middle Name                                       ",
            "lastName":"LAST NAME                                         ",
            "nameSuffix":"NS                                                ",
            "nameDataQuality":1,
            "ssn":"ssn      ",
            "ssnDataQuality":1,
            "dob":1459517834983,
            "dobDataQuality":1,
            "race":1,
            "ethnicity":1,
            "gender":1,
            "otherGender":"Test",
            "veteranStatus":"8"
         }
      ]
   }
}