{
   "entryrhy":{
      "entryrhyId":"6304041b-b997-4b01-9987-63d7e78070f1",
      "formerlyWardChildWelfrForestCare":99,
      "yearsChildWelfrForestCare":2,
      "monthsChildWelfrForestCare":4538,
      "formerlyWardOfJuvenileJustice":8,
      "yearsJuvenileJustice":3,
      "houseHoldDynamics":1,
      "sexualOrientatiionGenderIdentityYouth":99,
      "sexualOrientatiionGenderIdentityFamilyMbr":1,
      "housingIssuesYouth":99,
      "housingIssuesFamilyMbr":1,
      "schoolEducationIssuesYouth":99,
      "schoolEducationIssuesFamilyMbr":1,
      "unemployementYouth":99,
      "unemployementFamilyMbr":1,
      "mentalHealthIssuesYouth":99,
      "mentalHealthIssuesFamilyMbr":1,
      "healthIssuesYouth":1,
      "healthIssuesFamilyMbr":99,
      "physicalDisabilityYouth":1,
      "physicalDisabilityFamilyMbr":99,
      "mentalDisabilityYouth":99,
      "mentalDisabilityFamilyMbr":99,
      "abuseAndNeglectYouth":99,
      "abuseAndNeglectFamilyMbr":99,
      "alcoholDrugAbuseYouth":99,
      "alcoholDrugAbuseFamilyMbr":99,
      "insufficientIncomeToSupportYouth":1,
      "activeMilitaryParent":1,
      "incarceratedParent":1,
      "incarceratedParentStatus":3,
      "referralSource":663,
      "countOutReachReferralApproaches":234,
      "exchangeForSex":8,
      "exchangeForSexPastThreeMonths":9,
      "countOfExchangeForSex":4,
      "askedOfForcedToExchangeForSex":8,
      "askedOfForcedToExchangeForSexPastThreeMonths":8,
      "workPlaceViolenceThreat":1,
      "workPlacePromiseDifference":8,
      "coercedToContinueWork":9,
      "laborExploitPastThreeMonths":420
   }
}