{
   "entryssvf":{
      "entryssvfId":"9f992ad8-ab78-474e-a2ae-c7c9db551d27",
      "percentami":2,
      "lastPermanentStreet":"T3Jjj1bpCBUlIZKpFdty                              ",
      "lastPermanentCity":"kqF7MpodPSizewhiiTuX                              ",
      "lastPermanentState":"F8NdGzYX5ghd8lam535D                              ",
      "lastPermanentZip":"mIJY7hM4DW                                        ",
      "addressDataQuality":-1958091791,
      "hpScreenScore":-2033078268,
      "vamcStaction":"DcM25FFnWsll4D9HAsjCeaqzRDyvM0                    "
   }
}