{
   "incomeAndSource":{
      "incomeAndSourceId":"07577bdf-d44d-4a2f-b0f5-952098158242",
      "alimonyamount":0.0,
      "childsupportamount":0.0,
      "earnedamount":0.0,
      "gaamount":0.0,
      "othersourceamount":0.0,
      "pensionamount":0.0,
      "privatedisabilityamount":0.0,
      "socsecretirementamount":0.0,
      "ssdiamount":0.0,
      "ssiamount":0.0,
      "tanfamount":0.0,
      "totalmonthlyincome":0.0,
      "unemploymentamount":0.0,
      "vadisabilitynonserviceamount":0.0,
      "vadisabilityserviceamount":0.0,
      "workerscompamount":0.0
   }
}