{
   "incomeAndSource":{
      "incomeAndSourceId":"07577bdf-d44d-4a2f-b0f5-952098158242",
      "alimony":0,
      "alimonyamount":0.683,
      "childsupport":0,
      "childsupportamount":0.375,
      "earned":0,
      "earnedamount":0.974,
      "ga":0,
      "gaamount":0.638,
      "incomefromanysource":0,
      "othersource":0,
      "othersourceamount":0.867,
      "othersourceidentify":"TestData",
      "pension":0,
      "pensionamount":0.375,
      "privatedisability":0,
      "privatedisabilityamount":0.966,
      "socsecretirement":0,
      "socsecretirementamount":0.635,
      "ssdi":0,
      "ssdiamount":0.429,
      "ssi":0,
      "ssiamount":0.33,
      "tanf":0,
      "tanfamount":0.361,
      "totalmonthlyincome":0.273,
      "unemployment":0,
      "unemploymentamount":0.584,
      "vadisabilitynonservice":0,
      "vadisabilitynonserviceamount":0.816,
      "vadisabilityservice":0,
      "vadisabilityserviceamount":0.148,
      "workerscomp":0,
      "workerscompamount":0.144,
      "dateCreated":"04-11-2016 10:32",
      "dateUpdated":"04-11-2016 10:32"
   }
}