{
   "incomeAndSource":{
      "alimony":0,
      "alimonyamount":0.68303245,
      "childsupport":0,
      "childsupportamount":0.37502742,
      "earned":0,
      "earnedamount":0.9737119,
      "ga":0,
      "gaamount":0.63814074,
      "incomefromanysource":0,
      "othersource":0,
      "othersourceamount":0.8665285,
      "othersourceidentify":"TestData",
      "pension":0,
      "pensionamount":0.37544388,
      "privatedisability":0,
      "privatedisabilityamount":0.96586764,
      "socsecretirement":0,
      "socsecretirementamount":0.63478535,
      "ssdi":0,
      "ssdiamount":0.42890108,
      "ssi":0,
      "ssiamount":0.32970047,
      "tanf":0,
      "tanfamount":0.36064345,
      "totalmonthlyincome":0.2729566,
      "unemployment":0,
      "unemploymentamount":0.58434963,
      "vadisabilitynonservice":0,
      "vadisabilitynonserviceamount":0.81583244,
      "vadisabilityservice":0,
      "vadisabilityserviceamount":0.1477319,
      "workerscomp":0,
      "workerscompamount":0.14441723
   }
}