{
   "noncashbenefitsList":{
      "pagination":{
         "from":0,
         "returned":1,
         "total":1,
         "maximum":30,
         "sort":{

         }
      },
      "noncashbenefitsList":[
         {
            "noncashbenefitsID":"80dfa67e-bf60-4227-822f-6d3850d9c5e5",
            "benefitsfromanysource":0,
            "othersource":99,
            "othersourceidentify":"test",
            "othertanf":0,
            "rentalassistanceongoing":0,
            "rentalassistancetemp":0,
            "snap":0,
            "tanfchildcare":0,
            "tanftransportation":0,
            "wic":0
         }
      ]
   }
}