{
   "sites":{
      "pagination":{
         "from":0,
         "returned":1,
         "total":1,
         "maximum":30,
         "sort":{

         }
      },
      "sites":[
         {
            "siteId":"336b4b5f-8e07-4582-bf88-a7c1d17bd3fc",
            "address":"n4wuRkopYjCtFz52omPRSIyO0o6e1LuZ6XPafjcqPZCgYBphlu",
            "city":"GZbBVvo6rm",
            "geocode":-206855564,
            "principalsite":0,
            "state":"MN",
            "zip":"123456",
            "dateCreated":"05-11-2016"
         }
      ]
   }
}