"Income Change by Income Category
(Universe: Adult Stayers with Income Informatio",Had Income Category at Start and Did Not Have It at Annual Assessment,Retained Income  Category But Had Less $ at Annual Assessment Than at Start,Retained Income Category and Same $ at Annual Assessment as at Start,Retained Income Category and Increased $ at Annual Assessment,Did Not Have the Income Category at Start and Gained the Income Category at Annual Assessmen,Did Not Have the Income Category at Start or at Annual Assessment,Total Adults (including those with No Income),"Performance Measure:
Adults who Gained or Increased Income from Start to Annual Assessment,
Average ",Performance measure: Percent of persons who accomplished 
" Number of Adults with  Earned Income (i.e., Employmen",0,0,0,0,0,7980,3990,0,0
 Average Change in Earned Income,0,0,0,0,0,0,0,0,0
 Number of Adults with Other Income,0,0,0,0,0,7980,3990,0,0
 Average Change in Other Income,0,0,0,0,0,0,0,0,0
" Number of Adults with Any Income (i.e., Total Income)",0,0,0,0,0,7980,3990,0,0
 Average Change in Overall Income,0,0,0,0,0,0,0,0,0
