{
  "$schema": "http://json-schema.org/draft-04/schema#",
  "id": "http://jsonschema.net",
  "type": "object",
  "properties": {
    "dateofengagements": {
      "id": "http://jsonschema.net/dateofengagements",
      "type": "object",
      "properties": {
        "pagination": {
          "id": "http://jsonschema.net/dateofengagements/pagination",
          "type": "object",
          "properties": {
            "from": {
              "id": "http://jsonschema.net/dateofengagements/pagination/from",
              "type": "integer"
            },
            "returned": {
              "id": "http://jsonschema.net/dateofengagements/pagination/returned",
              "type": "integer"
            },
            "total": {
              "id": "http://jsonschema.net/dateofengagements/pagination/total",
              "type": "integer"
            },
            "maximum": {
              "id": "http://jsonschema.net/dateofengagements/pagination/maximum",
              "type": "integer"
            },
            "sort": {
              "id": "http://jsonschema.net/dateofengagements/pagination/sort",
              "type": "object",
              "properties": {}
            }
          },
          "required": [
            "from",
            "returned",
            "total",
            "maximum",
            "sort"
          ]
        },
        "dateofengagements": {
          "id": "http://jsonschema.net/dateofengagements/dateofengagements",
          "type": "array",
          "items": {
            "id": "http://jsonschema.net/dateofengagements/dateofengagements/0",
            "type": "object",
            "properties": {
              "dateofengagementId": {
                "id": "http://jsonschema.net/dateofengagements/dateofengagements/0/dateofengagementId",
                "type": "string"
              },
              "dateofengagement": {
                "id": "http://jsonschema.net/dateofengagements/dateofengagements/0/dateofengagement",
                "type": "string"
              }
            }
          }
        }
      },
      "required": [
        "pagination",
        "dateofengagements"
      ]
    }
  },
  "required": [
    "dateofengagements"
  ]
}