{
  "$schema": "http://json-schema.org/draft-04/schema#",
  "id": "http://jsonschema.net",
  "type": "object",
  "properties": {
    "dateofengagement": {
      "id": "http://jsonschema.net/dateofengagement",
      "type": "object",
      "properties": {
        "dateofengagementId": {
          "id": "http://jsonschema.net/dateofengagement/dateofengagementId",
          "type": "string"
        },
        "dateofengagement": {
          "id": "http://jsonschema.net/dateofengagement/dateofengagement",
          "type": "string"
        }
      },
      "required": [
        "dateofengagementId",
        "dateofengagement"
      ]
    }
  },
  "required": [
    "dateofengagement"
  ]
}