{
  "$schema": "http://json-schema.org/draft-04/schema#",
  "type": "object",
  "properties": {
    "disabilitiesList": {
      "type": "object",
      "properties": {
        "pagination": {
          "type": "object",
          "properties": {
            "from": {
              "type": "integer"
            },
            "returned": {
              "type": "integer"
            },
            "total": {
              "type": "integer"
            },
            "maximum": {
              "type": "integer"
            },
            "sort": {
              "type": "object",
              "properties": {}
            }
          },
          "required": [
            "from",
            "returned",
            "total",
            "maximum",
            "sort"
          ]
        },
        "disabilitiesList": {
          "type": "array",
          "items": {
            "type": "object",
            "properties": {
              "disabilitiesId": {
                "type": "string"
              },
              "disabilitytype": {
                "type": "integer"
              },
              "disabilityresponse": {
                "type": "integer"
              },
              "indefiniteandimpairs": {
                "type": "integer"
              },
              "documentationonfile": {
                "type": "integer"
              },
              "receivingservices": {
                "type": "integer"
              },
              "pathhowconfirmed": {
                "type": "integer"
              },
              "pathsmiinformation": {
                "type": "integer"
              },
              "tcellcountavailable": {
                "type": "integer"
              },
              "tcellcount": {
                "type": "integer"
              },
              "tcellcountsource": {
                "type": "string"
              },
              "viralLoadAvailable": {
                "type": "integer"
              },
              "viralLoad": {
                "type": "integer"
              },
              "viralLoadSource": {
                "type": "string"
              },
              "informationDate": {
                "type": "string"
              }
            },
            "required": [
              "disabilitiesId",
              "disabilitytype",
              "disabilityresponse",
              "indefiniteandimpairs",
              "documentationonfile",
              "receivingservices",
              "pathhowconfirmed",
              "pathsmiinformation",
              "tcellcountavailable",
              "tcellcount",
              "tcellcountsource",
              "viralLoadAvailable",
              "viralLoad",
              "viralLoadSource",
              "informationDate"
            ]
          }
        }
      },
      "required": [
        "pagination",
        "disabilitiesList"
      ]
    }
  },
  "required": [
    "disabilitiesList"
  ]
}