{
  "$schema": "http://json-schema.org/draft-04/schema#",
  "type": "object",
  "properties": {
    "disabilities": {
      "type": "object",
      "properties": {
        "disabilitytype": {
          "type": "integer"
        },
        "disabilityresponse": {
          "type": "integer"
        },
        "documentationonfile": {
          "type": "integer"
        },
        "indefiniteandimpairs": {
          "type": "integer"
        },
        "pathhowconfirmed": {
          "type": "integer"
        },
        "receivingservices": {
          "type": "integer"
        },
        "pathsmiinformation": {
          "type": "integer"
        },
        "tcellcountavailable": {
          "type": "integer"
        },
        "tcellcount": {
          "type": "integer"
        },
        "tcellcountsource": {
          "type": "integer"
        },
        "viralLoadAvailable": {
          "type": "integer"
        },
        "viralLoad": {
          "type": "integer"
        },
        "viralLoadSource": {
          "type": "string"
        },
        "informationDate": {
          "type": "string"
        }
      },
      "required": [
        "disabilitytype",
        "disabilityresponse",
        "documentationonfile",
        "indefiniteandimpairs",
        "pathhowconfirmed",
        "receivingservices",
        "pathsmiinformation",
        "tcellcountavailable",
        "tcellcount",
        "tcellcountsource",
        "viralLoadAvailable",
        "viralLoad",
        "viralLoadSource",
        "informationDate"
      ]
    }
  },
  "required": [
    "disabilities"
  ]
}