{
  "$schema": "http://json-schema.org/draft-04/schema#",
  "type": "object",
  "properties": {
    "domesticviolences": {
      "type": "object",
      "properties": {
        "pagination": {
          "type": "object",
          "properties": {
            "from": {
              "type": "integer"
            },
            "returned": {
              "type": "integer"
            },
            "total": {
              "type": "integer"
            },
            "maximum": {
              "type": "integer"
            },
            "sort": {
              "type": "object",
              "properties": {}
            }
          },
          "required": [
            "from",
            "returned",
            "total",
            "maximum",
            "sort"
          ]
        },
        "domesticviolences": {
          "type": "array",
          "items": {
            "type": "object",
            "properties": {
              "domesticviolenceId": {
                "type": "string"
              },
              "domesticviolencevictim": {
                "type": "integer"
              },
              "whenoccurred": {
                "type": "integer"
              },
              "currentlyFleeing": {
                "type": "integer"
              }
            },
            "required": [
              "domesticviolenceId",
              "domesticviolencevictim",
              "whenoccurred",
              "currentlyFleeing"
            ]
          }
        }
      },
      "required": [
        "pagination",
        "domesticviolences"
      ]
    }
  },
  "required": [
    "domesticviolences"
  ]
}