{
  "$schema": "http://json-schema.org/draft-04/schema#",
  "type": "object",
  "properties": {
    "entryrhsps": {
      "type": "object",
      "properties": {
        "pagination": {
          "type": "object",
          "properties": {
            "from": {
              "type": "integer"
            },
            "returned": {
              "type": "integer"
            },
            "total": {
              "type": "integer"
            },
            "maximum": {
              "type": "integer"
            },
            "sort": {
              "type": "object",
              "properties": {}
            }
          },
          "required": [
            "from",
            "returned",
            "total",
            "maximum",
            "sort"
          ]
        },
        "entryrhsps": {
          "type": "array",
          "items": {
            "type": "object",
            "properties": {
              "entryrhspId": {
                "type": "string"
              },
              "worstHousingSituation": {
                "type": "integer"
              }
            },
            "required": [
              "entryrhspId",
              "worstHousingSituation"
            ]
          }
        }
      },
      "required": [
        "pagination",
        "entryrhsps"
      ]
    }
  },
  "required": [
    "entryrhsps"
  ]
}