{
  "$schema": "http://json-schema.org/draft-04/schema#",
  "type": "object",
  "properties": {
    "entryssvf": {
      "type": "object",
      "properties": {
        "percentami": {
          "type": "integer"
        },
        "lastPermanentStreet": {
          "type": "string"
        },
        "lastPermanentCity": {
          "type": "string"
        },
        "lastPermanentState": {
          "type": "string"
        },
        "lastPermanentZip": {
          "type": "string"
        },
        "addressDataQuality": {
          "type": "integer"
        },
        "hpScreenScore": {
          "type": "integer"
        },
        "vamcStaction": {
          "type": "string"
        }
      },
      "required": [
        "percentami",
        "lastPermanentStreet",
        "lastPermanentCity",
        "lastPermanentState",
        "lastPermanentZip",
        "addressDataQuality",
        "hpScreenScore",
        "vamcStaction"
      ]
    }
  },
  "required": [
    "entryssvf"
  ]
}