{
  "$schema": "http://json-schema.org/draft-04/schema#",
  "id": "http://jsonschema.net",
  "type": "object",
  "properties": {
    "entryrhsp": {
      "id": "http://jsonschema.net/entryrhsp",
      "type": "object",
      "properties": {
        "entryrhspId": {
          "id": "http://jsonschema.net/entryrhsp/entryrhspId",
          "type": "string"
        },
        "worstHousingSituation": {
          "id": "http://jsonschema.net/entryrhsp/worstHousingSituation",
          "type": "integer"
        }
      },
      "required": [
        "entryrhspId",
        "worstHousingSituation"
      ]
    }
  },
  "required": [
    "entryrhsp"
  ]
}