{
  "$schema": "http://json-schema.org/draft-04/schema#",
  "type": "object",
  "properties": {
    "exitrhy": {
      "type": "object",
      "properties": {
        "projectCompletionStatus": {
          "type": "integer"
        },
        "earlyExitReason": {
          "type": "integer"
        },
        "familyReunificationAchieved": {
          "type": "integer"
        },
        "writtenAfterCarePlan": {
          "type": "integer"
        },
        "assistanceMainStreamBenefits": {
          "type": "integer"
        },
        "permenantHousingPlacement": {
          "type": "integer"
        },
        "tempShelterPlacement": {
          "type": "integer"
        },
        "exitCounseling": {
          "type": "integer"
        },
        "furtherFollowupServices": {
          "type": "integer"
        },
        "scheduledFollowupContacts": {
          "type": "integer"
        },
        "resourcePackage": {
          "type": "integer"
        },
        "otherAftercarePlanOrAction": {
          "type": "integer"
        }
      },
      "required": [
        "projectCompletionStatus",
        "earlyExitReason",
        "familyReunificationAchieved",
        "writtenAfterCarePlan",
        "assistanceMainStreamBenefits",
        "permenantHousingPlacement",
        "tempShelterPlacement",
        "exitCounseling",
        "furtherFollowupServices",
        "scheduledFollowupContacts",
        "resourcePackage",
        "otherAftercarePlanOrAction"
      ]
    }
  },
  "required": [
    "exitrhy"
  ]
}