{
  "$schema": "http://json-schema.org/draft-04/schema#",
  "type": "object",
  "properties": {
    "exit": {
      "type": "object",
      "properties": {
        "exitId": {
          "type": "string"
        },
        "exitDate": {
          "type": "integer"
        },
        "otherDestination": {
          "type": "string"
        },
        "destination": {
          "type": "integer"
        },
        "dateCreated": {
          "type": "string"
        },
        "dateUpdated": {
          "type": "string"
        }
      },
      "required": [
        "exitId",
        "exitDate",
        "otherDestination",
        "destination",
        "dateCreated",
        "dateUpdated"
      ]
    }
  },
  "required": [
    "exit"
  ]
}