{
  "$schema": "http://json-schema.org/draft-04/schema#",
  "type": "object",
  "properties": {
    "exithousingassessment": {
      "type": "object",
      "properties": {
        "exithousingassessmentId": {
          "type": "string"
        },
        "housingassessment": {
          "type": "integer"
        },
        "subsidyinformation": {
          "type": "integer"
        }
      },
      "required": [
        "exithousingassessmentId",
        "housingassessment",
        "subsidyinformation"
      ]
    }
  },
  "required": [
    "exithousingassessment"
  ]
}