{
  "$schema": "http://json-schema.org/draft-04/schema#",
  "type": "object",
  "properties": {
    "HousingAssessmentDispositions": {
      "type": "object",
      "properties": {
        "pagination": {
          "type": "object",
          "properties": {
            "from": {
              "type": "integer"
            },
            "returned": {
              "type": "integer"
            },
            "total": {
              "type": "integer"
            },
            "maximum": {
              "type": "integer"
            },
            "sort": {
              "type": "object",
              "properties": {}
            }
          },
          "required": [
            "from",
            "returned",
            "total",
            "maximum",
            "sort"
          ]
        },
        "housingAssessmentDispositions": {
          "type": "array",
          "items": {
            "type": "object",
            "properties": {
              "housingAssessmentDispositionId": {
                "type": "string"
              },
              "assessmentdisposition": {
                "type": "integer"
              },
              "otherdisposition": {
                "type": "string"
              },
              "dateCreated": {
                "type": "string"
              }
            },
            "required": [
              "housingAssessmentDispositionId",
              "assessmentdisposition",
              "otherdisposition",
              "dateCreated"
            ]
          }
        }
      },
      "required": [
        "pagination",
        "housingAssessmentDispositions"
      ]
    }
  },
  "required": [
    "HousingAssessmentDispositions"
  ]
}