{
  "$schema": "http://json-schema.org/draft-04/schema#",
  "id": "http://jsonschema.net",
  "type": "object",
  "properties": {
    "healthinsurance": {
      "id": "http://jsonschema.net/healthinsurance",
      "type": "object",
      "properties": {
        "healthinsuranceId": {
          "id": "http://jsonschema.net/healthinsurance/healthinsuranceId",
          "type": "string"
        }
      },
      "required": [
        "healthinsuranceId"
      ]
    }
  },
  "required": [
    "healthinsurance"
  ]
}