{
  "$schema": "http://json-schema.org/draft-04/schema#",
  "id": "http://jsonschema.net",
  "type": "object",
  "properties": {
    "medicalassistance": {
      "id": "http://jsonschema.net/medicalassistance",
      "type": "object",
      "properties": {
        "medicalassistanceId": {
          "id": "http://jsonschema.net/medicalassistance/medicalassistanceId",
          "type": "string"
        }
      },
      "required": [
        "medicalassistanceId"
      ]
    }
  },
  "required": [
    "medicalassistance"
  ]
}