{
  "$schema": "http://json-schema.org/draft-04/schema#",
  "id": "http://jsonschema.net",
  "type": "object",
  "properties": {
    "noncashbenefits": {
      "id": "http://jsonschema.net/noncashbenefits",
      "type": "object",
      "properties": {
        "noncashbenefitsID": {
          "id": "http://jsonschema.net/noncashbenefits/noncashbenefitsID",
          "type": "string"
        }
      },
      "required": [
        "noncashbenefitsID"
      ]
    }
  },
  "required": [
    "noncashbenefits"
  ]
}