{
  "$schema": "http://json-schema.org/draft-04/schema#",
  "type": "object",
  "properties": {
    "noncashbenefits": {
      "type": "object",
      "properties": {
        "benefitsfromanysource": {
          "type": "integer"
        },
        "othersource": {
          "type": "integer"
        },
        "othertanf": {
          "type": "integer"
        },
        "rentalassistanceongoing": {
          "type": "integer"
        },
        "rentalassistancetemp": {
          "type": "integer"
        },
        "snap": {
          "type": "integer"
        },
        "tanfchildcare": {
          "type": "integer"
        },
        "tanftransportation": {
          "type": "integer"
        },
        "wic": {
          "type": "integer"
        },
        "othersourceidentify": {
          "type": "string"
        }
      },
      "required": [
        "benefitsfromanysource",
        "othersource",
        "othertanf",
        "rentalassistanceongoing",
        "rentalassistancetemp",
        "snap",
        "tanfchildcare",
        "tanftransportation",
        "wic",
        "othersourceidentify"
      ]
    }
  },
  "required": [
    "noncashbenefits"
  ]
}