{
  "$schema": "http://json-schema.org/draft-04/schema#",
  "type": "object",
  "properties": {
    "pathstatus": {
      "type": "object",
      "properties": {
        "clientenrolledinpath": {
          "type": "integer"
        },
        "dateOfStatus": {
          "type": "string"
        },
        "clientEnrolledInPath": {
          "type": "integer"
        },
        "reasonNotEnrolled": {
          "type": "integer"
        }
      },
      "required": [
        "clientenrolledinpath",
        "dateOfStatus",
        "clientEnrolledInPath",
        "reasonNotEnrolled"
      ]
    }
  },
  "required": [
    "pathstatus"
  ]
}