{
  "$schema": "http://json-schema.org/draft-04/schema#",
  "type": "object",
  "properties": {
    "projectcoc": {
      "type": "object",
      "properties": {
        "projectcocId": {
          "type": "string"
        },
        "coccode": {
          "type": "string"
        },
        "dateCreated": {
          "type": "string"
        },
        "dateUpdated": {
          "type": "string"
        }
      },
      "required": [
        "projectcocId",
        "coccode",
        "dateCreated",
        "dateUpdated"
      ]
    }
  },
  "required": [
    "projectcoc"
  ]
}