{
  "$schema": "http://json-schema.org/draft-04/schema#",
  "type": "object",
  "properties": {
    "residentialmoveindates": {
      "type": "object",
      "properties": {
        "pagination": {
          "type": "object",
          "properties": {
            "from": {
              "type": "integer"
            },
            "returned": {
              "type": "integer"
            },
            "total": {
              "type": "integer"
            },
            "maximum": {
              "type": "integer"
            },
            "sort": {
              "type": "object",
              "properties": {}
            }
          },
          "required": [
            "from",
            "returned",
            "total",
            "maximum",
            "sort"
          ]
        },
        "residentialmoveindates": {
          "type": "array",
          "items": {
            "type": "object",
            "properties": {
              "residentialmoveindateId": {
                "type": "string"
              },
              "inpermanenthousing": {
                "type": "integer"
              },
              "residentialmoveindate": {
                "type": "string"
              }
            },
            "required": [
              "residentialmoveindateId",
              "inpermanenthousing",
              "residentialmoveindate"
            ]
          }
        }
      },
      "required": [
        "pagination",
        "residentialmoveindates"
      ]
    }
  },
  "required": [
    "residentialmoveindates"
  ]
}