{
  "$schema": "http://json-schema.org/draft-04/schema#",
  "id": "/",
  "type": "object",
  "properties": {
    "site": {
      "id": "site",
      "type": "object",
      "properties": {
        "address": {
          "id": "address",
          "type": "string"
        },
        "city": {
          "id": "city",
          "type": "string"
        },
        "geocode": {
          "id": "geocode",
          "type": "integer"
        },
        "principalsite": {
          "id": "principalsite",
          "type": "integer"
        },
        "state": {
          "id": "state",
          "type": "string"
        },
        "zip": {
          "id": "zip",
          "type": "integer"
        }
      },
      "required": [
        "address",
        "city",
        "geocode",
        "principalsite",
        "state",
        "zip"
      ]
    }
  },
  "required": [
    "site"
  ]
}