{
  "$schema": "http://json-schema.org/draft-04/schema#",
  "type": "object",
  "properties": {
    "site": {
      "type": "object",
      "properties": {
        "siteId": {
          "type": "string"
        },
        "address": {
          "type": "string"
        },
        "city": {
          "type": "string"
        },
        "geocode": {
          "type": "integer"
        },
        "principalsite": {
          "type": "integer"
        },
        "state": {
          "type": "string"
        },
        "zip": {
          "type": "string"
        },
        "dateCreated": {
          "type": "string"
        },
        "dateUpdated": {
          "type": "string"
        }
      },
      "required": [
        "siteId",
        "address",
        "city",
        "geocode",
        "principalsite",
        "state",
        "zip",
        "dateCreated",
        "dateUpdated"
      ]
    }
  },
  "required": [
    "site"
  ]
}