{
  "$schema": "http://json-schema.org/draft-04/schema#",
  "type": "object",
  "properties": {
    "veteranInfos": {
      "type": "object",
      "properties": {
        "pagination": {
          "type": "object",
          "properties": {
            "from": {
              "type": "integer"
            },
            "returned": {
              "type": "integer"
            },
            "total": {
              "type": "integer"
            },
            "maximum": {
              "type": "integer"
            },
            "sort": {
              "type": "object",
              "properties": {}
            }
          },
          "required": [
            "from",
            "returned",
            "total",
            "maximum",
            "sort"
          ]
        },
        "veteranInfos": {
          "type": "array",
          "items": {
            "type": "object",
            "properties": {
              "veteranInfoId": {
                "type": "string"
              },
              "yearEntrdService": {
                "type": "integer"
              },
              "yearSeperated": {
                "type": "integer"
              },
              "worldWar2": {
                "type": "integer"
              },
              "koreanWar": {
                "type": "integer"
              },
              "vietnamWar": {
                "type": "integer"
              },
              "desertStorm": {
                "type": "integer"
              },
              "afghanistanOef": {
                "type": "integer"
              },
              "iraqOif": {
                "type": "integer"
              },
              "iraqOnd": {
                "type": "integer"
              },
              "otherTheater": {
                "type": "integer"
              },
              "militaryBranch": {
                "type": "integer"
              },
              "dischargeStatus": {
                "type": "integer"
              }
            },
            "required": [
              "veteranInfoId",
              "yearEntrdService",
              "yearSeperated",
              "worldWar2",
              "koreanWar",
              "vietnamWar",
              "desertStorm",
              "afghanistanOef",
              "iraqOif",
              "iraqOnd",
              "otherTheater",
              "militaryBranch",
              "dischargeStatus"
            ]
          }
        }
      },
      "required": [
        "pagination",
        "veteranInfos"
      ]
    }
  },
  "required": [
    "veteranInfos"
  ]
}